-- MySQL dump 10.16  Distrib 10.1.30-MariaDB, for Win32 (AMD64)
--
-- Host: localhost    Database: osticket
-- ------------------------------------------------------
-- Server version	10.1.30-MariaDB

/*!40101 SET @OLD_CHARACTER_SET_CLIENT=@@CHARACTER_SET_CLIENT */;
/*!40101 SET @OLD_CHARACTER_SET_RESULTS=@@CHARACTER_SET_RESULTS */;
/*!40101 SET @OLD_COLLATION_CONNECTION=@@COLLATION_CONNECTION */;
/*!40101 SET NAMES utf8 */;
/*!40103 SET @OLD_TIME_ZONE=@@TIME_ZONE */;
/*!40103 SET TIME_ZONE='+00:00' */;
/*!40014 SET @OLD_UNIQUE_CHECKS=@@UNIQUE_CHECKS, UNIQUE_CHECKS=0 */;
/*!40014 SET @OLD_FOREIGN_KEY_CHECKS=@@FOREIGN_KEY_CHECKS, FOREIGN_KEY_CHECKS=0 */;
/*!40101 SET @OLD_SQL_MODE=@@SQL_MODE, SQL_MODE='NO_AUTO_VALUE_ON_ZERO' */;
/*!40111 SET @OLD_SQL_NOTES=@@SQL_NOTES, SQL_NOTES=0 */;

--
-- Table structure for table `ost__search`
--

DROP TABLE IF EXISTS `ost__search`;
/*!40101 SET @saved_cs_client     = @@character_set_client */;
/*!40101 SET character_set_client = utf8 */;
CREATE TABLE `ost__search` (
  `object_type` varchar(8) NOT NULL,
  `object_id` int(11) unsigned NOT NULL,
  `title` text,
  `content` text,
  PRIMARY KEY (`object_type`,`object_id`),
  FULLTEXT KEY `search` (`title`,`content`)
) ENGINE=InnoDB DEFAULT CHARSET=utf8;
/*!40101 SET character_set_client = @saved_cs_client */;

--
-- Dumping data for table `ost__search`
--

LOCK TABLES `ost__search` WRITE;
/*!40000 ALTER TABLE `ost__search` DISABLE KEYS */;
INSERT INTO `ost__search` VALUES ('H',1,'osTicket Installed!','Thank you for choosing osTicket. Please make sure you join the osTicket forums and our mailing list to stay up to date on the latest news, security alerts and updates. The osTicket forums are also a great place to get assistance, guidance, tips, and help from other osTicket users. In addition to the forums, the osTicket wiki provides a useful collection of educational materials, documentation, and notes from the community. We welcome your contributions to the osTicket community. If you are looking for a greater level of support, we provide professional services and commercial support with guaranteed response times, and access to the core development team. We can also help customize osTicket or even add new features to the system to meet your unique needs. If the idea of managing and upgrading this osTicket installation is daunting, you can try osTicket as a hosted service at http://www.supportsystem.com/ -- no installation required and we can import your data! With SupportSystem\'s turnkey infrastructure, you get osTicket at its best, leaving you free to focus on your customers without the burden of making sure the application is stable, maintained, and secure. Cheers, - osTicket Team http://osticket.com/ PS. Don\'t just make customers happy, make happy customers!'),('O',1,'osTicket','420 Desoto Street Alexandria, LA 71301\n(318) 290-3674\nhttp://osticket.com\nNot only do we develop the software, we also use it to manage support for osTicket. Let us help you quickly implement and leverage the full potential of osTicket\'s features and functionality. Contact us for professional support or visit our website for documentation and community support.'),('T',1,'767113 osTicket Installed!',''),('U',1,'osTicket Support','support@osticket.com');
/*!40000 ALTER TABLE `ost__search` ENABLE KEYS */;
UNLOCK TABLES;

--
-- Table structure for table `ost_api_key`
--

DROP TABLE IF EXISTS `ost_api_key`;
/*!40101 SET @saved_cs_client     = @@character_set_client */;
/*!40101 SET character_set_client = utf8 */;
CREATE TABLE `ost_api_key` (
  `id` int(10) unsigned NOT NULL AUTO_INCREMENT,
  `isactive` tinyint(1) NOT NULL DEFAULT '1',
  `ipaddr` varchar(64) NOT NULL,
  `apikey` varchar(255) NOT NULL,
  `can_create_tickets` tinyint(1) unsigned NOT NULL DEFAULT '1',
  `can_exec_cron` tinyint(1) unsigned NOT NULL DEFAULT '1',
  `notes` text,
  `updated` datetime NOT NULL,
  `created` datetime NOT NULL,
  PRIMARY KEY (`id`),
  UNIQUE KEY `apikey` (`apikey`),
  KEY `ipaddr` (`ipaddr`)
) ENGINE=InnoDB DEFAULT CHARSET=utf8;
/*!40101 SET character_set_client = @saved_cs_client */;

--
-- Dumping data for table `ost_api_key`
--

LOCK TABLES `ost_api_key` WRITE;
/*!40000 ALTER TABLE `ost_api_key` DISABLE KEYS */;
/*!40000 ALTER TABLE `ost_api_key` ENABLE KEYS */;
UNLOCK TABLES;

--
-- Table structure for table `ost_attachment`
--

DROP TABLE IF EXISTS `ost_attachment`;
/*!40101 SET @saved_cs_client     = @@character_set_client */;
/*!40101 SET character_set_client = utf8 */;
CREATE TABLE `ost_attachment` (
  `id` int(10) unsigned NOT NULL AUTO_INCREMENT,
  `object_id` int(11) unsigned NOT NULL,
  `type` char(1) NOT NULL,
  `file_id` int(11) unsigned NOT NULL,
  `name` varchar(255) DEFAULT NULL,
  `inline` tinyint(1) unsigned NOT NULL DEFAULT '0',
  `lang` varchar(16) DEFAULT NULL,
  PRIMARY KEY (`id`),
  UNIQUE KEY `file-type` (`object_id`,`file_id`,`type`)
) ENGINE=InnoDB AUTO_INCREMENT=13 DEFAULT CHARSET=utf8;
/*!40101 SET character_set_client = @saved_cs_client */;

--
-- Dumping data for table `ost_attachment`
--

LOCK TABLES `ost_attachment` WRITE;
/*!40000 ALTER TABLE `ost_attachment` DISABLE KEYS */;
INSERT INTO `ost_attachment` VALUES (1,1,'C',2,NULL,0,NULL),(2,8,'T',1,NULL,1,NULL),(3,9,'T',1,NULL,1,NULL),(4,10,'T',1,NULL,1,NULL),(5,11,'T',1,NULL,1,NULL),(6,12,'T',1,NULL,1,NULL),(7,13,'T',1,NULL,1,NULL),(8,14,'T',1,NULL,1,NULL),(9,16,'T',1,NULL,1,NULL),(10,17,'T',1,NULL,1,NULL),(11,18,'T',1,NULL,1,NULL),(12,19,'T',1,NULL,1,NULL);
/*!40000 ALTER TABLE `ost_attachment` ENABLE KEYS */;
UNLOCK TABLES;

--
-- Table structure for table `ost_canned_response`
--

DROP TABLE IF EXISTS `ost_canned_response`;
/*!40101 SET @saved_cs_client     = @@character_set_client */;
/*!40101 SET character_set_client = utf8 */;
CREATE TABLE `ost_canned_response` (
  `canned_id` int(10) unsigned NOT NULL AUTO_INCREMENT,
  `dept_id` int(10) unsigned NOT NULL DEFAULT '0',
  `isenabled` tinyint(1) unsigned NOT NULL DEFAULT '1',
  `title` varchar(255) NOT NULL DEFAULT '',
  `response` text NOT NULL,
  `lang` varchar(16) NOT NULL DEFAULT 'en_US',
  `notes` text,
  `created` datetime NOT NULL,
  `updated` datetime NOT NULL,
  PRIMARY KEY (`canned_id`),
  UNIQUE KEY `title` (`title`),
  KEY `dept_id` (`dept_id`),
  KEY `active` (`isenabled`)
) ENGINE=InnoDB AUTO_INCREMENT=3 DEFAULT CHARSET=utf8;
/*!40101 SET character_set_client = @saved_cs_client */;

--
-- Dumping data for table `ost_canned_response`
--

LOCK TABLES `ost_canned_response` WRITE;
/*!40000 ALTER TABLE `ost_canned_response` DISABLE KEYS */;
INSERT INTO `ost_canned_response` VALUES (1,0,1,'What is osTicket (sample)?','osTicket is a widely-used open source support ticket system, an\nattractive alternative to higher-cost and complex customer support\nsystems - simple, lightweight, reliable, open source, web-based and easy\nto setup and use.','en_US',NULL,'2018-12-26 13:26:19','2018-12-26 13:26:19'),(2,0,1,'Sample (with variables)','Hi %{ticket.name.first},\n<br>\n<br>\nYour ticket #%{ticket.number} created on %{ticket.create_date} is in\n%{ticket.dept.name} department.','en_US',NULL,'2018-12-26 13:26:19','2018-12-26 13:26:19');
/*!40000 ALTER TABLE `ost_canned_response` ENABLE KEYS */;
UNLOCK TABLES;

--
-- Table structure for table `ost_config`
--

DROP TABLE IF EXISTS `ost_config`;
/*!40101 SET @saved_cs_client     = @@character_set_client */;
/*!40101 SET character_set_client = utf8 */;
CREATE TABLE `ost_config` (
  `id` int(11) unsigned NOT NULL AUTO_INCREMENT,
  `namespace` varchar(64) NOT NULL,
  `key` varchar(64) NOT NULL,
  `value` text NOT NULL,
  `updated` timestamp NOT NULL DEFAULT CURRENT_TIMESTAMP,
  PRIMARY KEY (`id`),
  UNIQUE KEY `namespace` (`namespace`,`key`)
) ENGINE=InnoDB AUTO_INCREMENT=96 DEFAULT CHARSET=utf8;
/*!40101 SET character_set_client = @saved_cs_client */;

--
-- Dumping data for table `ost_config`
--

LOCK TABLES `ost_config` WRITE;
/*!40000 ALTER TABLE `ost_config` DISABLE KEYS */;
INSERT INTO `ost_config` VALUES (1,'core','admin_email','ale_jandra_098@hotmail.com','2018-12-26 19:26:20'),(2,'core','helpdesk_url','http://localhost/osTicket/osTicket-v1.10.4/osTicket-v1.10.4/upload/','2018-12-26 19:26:20'),(3,'core','helpdesk_title','admin','2018-12-26 19:26:20'),(4,'core','schema_signature','98ad7d550c26ac44340350912296e673','2018-12-26 19:26:20'),(5,'core','time_format','hh:mm a','2018-12-26 19:26:18'),(6,'core','date_format','MM/dd/y','2018-12-26 19:26:18'),(7,'core','datetime_format','MM/dd/y h:mm a','2018-12-26 19:26:18'),(8,'core','daydatetime_format','EEE, MMM d y h:mm a','2018-12-26 19:26:18'),(9,'core','default_priority_id','2','2018-12-26 19:26:18'),(10,'core','enable_daylight_saving','','2018-12-26 19:26:18'),(11,'core','reply_separator','-- reply above this line --','2018-12-26 19:26:18'),(12,'core','isonline','1','2018-12-26 19:26:18'),(13,'core','staff_ip_binding','','2018-12-26 19:26:18'),(14,'core','staff_max_logins','4','2018-12-26 19:26:18'),(15,'core','staff_login_timeout','2','2018-12-26 19:26:18'),(16,'core','staff_session_timeout','30','2018-12-26 19:26:18'),(17,'core','passwd_reset_period','','2018-12-26 19:26:18'),(18,'core','client_max_logins','4','2018-12-26 19:26:18'),(19,'core','client_login_timeout','2','2018-12-26 19:26:18'),(20,'core','client_session_timeout','30','2018-12-26 19:26:18'),(21,'core','max_page_size','25','2018-12-26 19:26:18'),(22,'core','max_open_tickets','','2018-12-26 19:26:18'),(23,'core','autolock_minutes','3','2018-12-26 19:26:18'),(24,'core','default_smtp_id','','2018-12-26 19:26:18'),(25,'core','use_email_priority','','2018-12-26 19:26:19'),(26,'core','enable_kb','','2018-12-26 19:26:19'),(27,'core','enable_premade','1','2018-12-26 19:26:19'),(28,'core','enable_captcha','','2018-12-26 19:26:19'),(29,'core','enable_auto_cron','','2018-12-26 19:26:19'),(30,'core','enable_mail_polling','','2018-12-26 19:26:19'),(31,'core','send_sys_errors','1','2018-12-26 19:26:19'),(32,'core','send_sql_errors','1','2018-12-26 19:26:19'),(33,'core','send_login_errors','1','2018-12-26 19:26:19'),(34,'core','save_email_headers','1','2018-12-26 19:26:19'),(35,'core','strip_quoted_reply','1','2018-12-26 19:26:19'),(36,'core','ticket_autoresponder','','2018-12-26 19:26:19'),(37,'core','message_autoresponder','','2018-12-26 19:26:19'),(38,'core','ticket_notice_active','1','2018-12-26 19:26:19'),(39,'core','ticket_alert_active','1','2018-12-26 19:26:19'),(40,'core','ticket_alert_admin','1','2018-12-26 19:26:19'),(41,'core','ticket_alert_dept_manager','1','2018-12-26 19:26:19'),(42,'core','ticket_alert_dept_members','','2018-12-26 19:26:19'),(43,'core','message_alert_active','1','2018-12-26 19:26:19'),(44,'core','message_alert_laststaff','1','2018-12-26 19:26:19'),(45,'core','message_alert_assigned','1','2018-12-26 19:26:19'),(46,'core','message_alert_dept_manager','','2018-12-26 19:26:19'),(47,'core','note_alert_active','','2018-12-26 19:26:19'),(48,'core','note_alert_laststaff','1','2018-12-26 19:26:19'),(49,'core','note_alert_assigned','1','2018-12-26 19:26:19'),(50,'core','note_alert_dept_manager','','2018-12-26 19:26:19'),(51,'core','transfer_alert_active','','2018-12-26 19:26:19'),(52,'core','transfer_alert_assigned','','2018-12-26 19:26:19'),(53,'core','transfer_alert_dept_manager','1','2018-12-26 19:26:19'),(54,'core','transfer_alert_dept_members','','2018-12-26 19:26:19'),(55,'core','overdue_alert_active','1','2018-12-26 19:26:19'),(56,'core','overdue_alert_assigned','1','2018-12-26 19:26:19'),(57,'core','overdue_alert_dept_manager','1','2018-12-26 19:26:19'),(58,'core','overdue_alert_dept_members','','2018-12-26 19:26:19'),(59,'core','assigned_alert_active','1','2018-12-26 19:26:19'),(60,'core','assigned_alert_staff','1','2018-12-26 19:26:19'),(61,'core','assigned_alert_team_lead','','2018-12-26 19:26:19'),(62,'core','assigned_alert_team_members','','2018-12-26 19:26:19'),(63,'core','auto_claim_tickets','1','2018-12-26 19:26:19'),(64,'core','show_related_tickets','1','2018-12-26 19:26:19'),(65,'core','show_assigned_tickets','1','2018-12-26 19:26:19'),(66,'core','show_answered_tickets','','2018-12-26 19:26:19'),(67,'core','hide_staff_name','','2018-12-26 19:26:19'),(68,'core','overlimit_notice_active','','2018-12-26 19:26:19'),(69,'core','email_attachments','1','2018-12-26 19:26:19'),(70,'core','ticket_number_format','######','2018-12-26 19:26:19'),(71,'core','ticket_sequence_id','','2018-12-26 19:26:19'),(72,'core','task_number_format','#','2018-12-26 19:26:19'),(73,'core','task_sequence_id','2','2018-12-26 19:26:19'),(74,'core','log_level','2','2018-12-26 19:26:19'),(75,'core','log_graceperiod','12','2018-12-26 19:26:19'),(76,'core','client_registration','public','2018-12-26 19:26:19'),(77,'core','max_file_size','8388608','2018-12-26 19:26:19'),(78,'core','landing_page_id','1','2018-12-26 19:26:19'),(79,'core','thank-you_page_id','2','2018-12-26 19:26:19'),(80,'core','offline_page_id','3','2018-12-26 19:26:19'),(81,'core','system_language','es_ES','2018-12-27 20:08:24'),(82,'mysqlsearch','reindex','0','2018-12-26 23:00:09'),(83,'core','default_email_id','1','2018-12-26 19:26:20'),(84,'core','alert_email_id','2','2018-12-26 19:26:20'),(85,'core','default_dept_id','1','2018-12-26 19:26:20'),(86,'core','default_sla_id','1','2018-12-26 19:26:20'),(87,'core','default_template_id','1','2018-12-26 19:26:20'),(88,'core','default_timezone','America/Mexico_City','2018-12-26 19:26:20'),(89,'core','default_storage_bk','D','2018-12-27 20:08:24'),(90,'core','date_formats','','2018-12-27 20:08:24'),(91,'core','default_locale','','2018-12-27 20:08:24'),(92,'core','secondary_langs','','2018-12-27 20:08:24'),(93,'core','enable_avatars','1','2018-12-27 20:08:24'),(94,'core','enable_richtext','1','2018-12-27 20:08:24'),(95,'core','files_req_auth','1','2018-12-27 20:08:24');
/*!40000 ALTER TABLE `ost_config` ENABLE KEYS */;
UNLOCK TABLES;

--
-- Table structure for table `ost_content`
--

DROP TABLE IF EXISTS `ost_content`;
/*!40101 SET @saved_cs_client     = @@character_set_client */;
/*!40101 SET character_set_client = utf8 */;
CREATE TABLE `ost_content` (
  `id` int(10) unsigned NOT NULL AUTO_INCREMENT,
  `isactive` tinyint(1) unsigned NOT NULL DEFAULT '0',
  `type` varchar(32) NOT NULL DEFAULT 'other',
  `name` varchar(255) NOT NULL,
  `body` text NOT NULL,
  `notes` text,
  `created` datetime NOT NULL,
  `updated` datetime NOT NULL,
  PRIMARY KEY (`id`),
  UNIQUE KEY `name` (`name`)
) ENGINE=InnoDB AUTO_INCREMENT=13 DEFAULT CHARSET=utf8;
/*!40101 SET character_set_client = @saved_cs_client */;

--
-- Dumping data for table `ost_content`
--

LOCK TABLES `ost_content` WRITE;
/*!40000 ALTER TABLE `ost_content` DISABLE KEYS */;
INSERT INTO `ost_content` VALUES (1,1,'landing','Landing',' <h1>Bienvenido</h1> <div style=\"text-align:justify\">In order to streamline support requests and better serve you, we utilize a support ticket system. Every support request is assigned a unique ticket number which you can use to track the progress and responses online. For your reference we provide complete archives and history of all your support requests. A valid email address is required to submit a ticket. <br /> </div> <br /> ','The Landing Page refers to the content of the Customer Portal\'s initial view. The template modifies the content seen above the two links <strong>Open a New Ticket</strong> and <strong>Check Ticket Status</strong>.','2018-12-26 13:26:19','2018-12-26 17:06:01'),(2,1,'thank-you','Thank You','<div>%{ticket.name},\n<br>\n<br>\nThank you for contacting us.\n<br>\n<br>\nA support ticket request has been created and a representative will be\ngetting back to you shortly if necessary.</p>\n<br>\n<br>\nSupport Team\n</div>','This template defines the content displayed on the Thank-You page after a\nClient submits a new ticket in the Client Portal.','2018-12-26 13:26:19','2018-12-26 13:26:19'),(3,1,'offline','Offline','<div><h1>\n<span style=\"font-size: medium\">Support Ticket System Offline</span>\n</h1>\n<p>Thank you for your interest in contacting us.</p>\n<p>Our helpdesk is offline at the moment, please check back at a later\ntime.</p>\n</div>','The Offline Page appears in the Customer Portal when the Help Desk is offline.','2018-12-26 13:26:19','2018-12-26 13:26:19'),(4,1,'registration-staff','Welcome to osTicket','<h3><strong>Hi %{recipient.name.first},</strong></h3> <div> We\'ve created an account for you at our help desk at %{url}.<br /> <br /> Please follow the link below to confirm your account and gain access to your tickets.<br /> <br /> <a href=\"%{link}\">%{link}</a><br /> <br /> <em style=\"font-size: small\">Your friendly Customer Support System<br /> %{company.name}</em> </div>','This template defines the initial email (optional) sent to Agents when an account is created on their behalf.','2018-12-26 13:26:19','2018-12-26 13:26:19'),(5,1,'pwreset-staff','osTicket Staff Password Reset','<h3><strong>Hi %{staff.name.first},</strong></h3> <div> A password reset request has been submitted on your behalf for the helpdesk at %{url}.<br /> <br /> If you feel that this has been done in error, delete and disregard this email. Your account is still secure and no one has been given access to it. It is not locked and your password has not been reset. Someone could have mistakenly entered your email address.<br /> <br /> Follow the link below to login to the help desk and change your password.<br /> <br /> <a href=\"%{link}\">%{link}</a><br /> <br /> <em style=\"font-size: small\">Your friendly Customer Support System</em> <br /> <img src=\"cid:b56944cb4722cc5cda9d1e23a3ea7fbc\" alt=\"Powered by osTicket\" width=\"126\" height=\"19\" style=\"width: 126px\" /> </div>','This template defines the email sent to Staff who select the <strong>Forgot My Password</strong> link on the Staff Control Panel Log In page.','2018-12-26 13:26:19','2018-12-26 13:26:19'),(6,1,'banner-staff','Authentication Required','','This is the initial message and banner shown on the Staff Log In page. The first input field refers to the red-formatted text that appears at the top. The latter textarea is for the banner content which should serve as a disclaimer.','2018-12-26 13:26:19','2018-12-26 13:26:19'),(7,1,'registration-client','Welcome to %{company.name}','<h3><strong>Hi %{recipient.name.first},</strong></h3> <div> We\'ve created an account for you at our help desk at %{url}.<br /> <br /> Please follow the link below to confirm your account and gain access to your tickets.<br /> <br /> <a href=\"%{link}\">%{link}</a><br /> <br /> <em style=\"font-size: small\">Your friendly Customer Support System <br /> %{company.name}</em> </div>','This template defines the email sent to Clients when their account has been created in the Client Portal or by an Agent on their behalf. This email serves as an email address verification. Please use %{link} somewhere in the body.','2018-12-26 13:26:19','2018-12-26 13:26:19'),(8,1,'pwreset-client','%{company.name} Help Desk Access','<h3><strong>Hi %{user.name.first},</strong></h3> <div> A password reset request has been submitted on your behalf for the helpdesk at %{url}.<br /> <br /> If you feel that this has been done in error, delete and disregard this email. Your account is still secure and no one has been given access to it. It is not locked and your password has not been reset. Someone could have mistakenly entered your email address.<br /> <br /> Follow the link below to login to the help desk and change your password.<br /> <br /> <a href=\"%{link}\">%{link}</a><br /> <br /> <em style=\"font-size: small\">Your friendly Customer Support System <br /> %{company.name}</em> </div>','This template defines the email sent to Clients who select the <strong>Forgot My Password</strong> link on the Client Log In page.','2018-12-26 13:26:19','2018-12-26 13:26:19'),(9,1,'banner-client','Entrar como %{company.name}','To better serve you, we encourage our Clients to register for an account.','This composes the header on the Client Log In page. It can be useful to inform your Clients about your log in and registration policies.','2018-12-26 13:26:19','2018-12-28 10:54:58'),(10,1,'registration-confirm','Account registration','<div><strong>Thanks for registering for an account.</strong><br/> <br /> We\'ve just sent you an email to the address you entered. Please follow the link in the email to confirm your account and gain access to your tickets. </div>','This templates defines the page shown to Clients after completing the registration form. The template should mention that the system is sending them an email confirmation link and what is the next step in the registration process.','2018-12-26 13:26:19','2018-12-26 13:26:19'),(11,1,'registration-thanks','Account Confirmed!','<div> <strong>Thanks for registering for an account.</strong><br /> <br /> You\'ve confirmed your email address and successfully activated your account. You may proceed to open a new ticket or manage existing tickets.<br /> <br /> <em>Your friendly support center</em><br /> %{company.name} </div>','This template defines the content displayed after Clients successfully register by confirming their account. This page should inform the user that registration is complete and that the Client can now submit a ticket or access existing tickets.','2018-12-26 13:26:19','2018-12-26 13:26:19'),(12,1,'access-link','Ticket [#%{ticket.number}] Access Link','<h3><strong>Hi %{recipient.name.first},</strong></h3> <div> An access link request for ticket #%{ticket.number} has been submitted on your behalf for the helpdesk at %{url}.<br /> <br /> Follow the link below to check the status of the ticket #%{ticket.number}.<br /> <br /> <a href=\"%{recipient.ticket_link}\">%{recipient.ticket_link}</a><br /> <br /> If you <strong>did not</strong> make the request, please delete and disregard this email. Your account is still secure and no one has been given access to the ticket. Someone could have mistakenly entered your email address.<br /> <br /> --<br /> %{company.name} </div>','This template defines the notification for Clients that an access link was sent to their email. The ticket number and email address trigger the access link.','2018-12-26 13:26:19','2018-12-26 13:26:19');
/*!40000 ALTER TABLE `ost_content` ENABLE KEYS */;
UNLOCK TABLES;

--
-- Table structure for table `ost_department`
--

DROP TABLE IF EXISTS `ost_department`;
/*!40101 SET @saved_cs_client     = @@character_set_client */;
/*!40101 SET character_set_client = utf8 */;
CREATE TABLE `ost_department` (
  `id` int(11) unsigned NOT NULL AUTO_INCREMENT,
  `pid` int(11) unsigned DEFAULT NULL,
  `tpl_id` int(10) unsigned NOT NULL DEFAULT '0',
  `sla_id` int(10) unsigned NOT NULL DEFAULT '0',
  `email_id` int(10) unsigned NOT NULL DEFAULT '0',
  `autoresp_email_id` int(10) unsigned NOT NULL DEFAULT '0',
  `manager_id` int(10) unsigned NOT NULL DEFAULT '0',
  `flags` int(10) unsigned NOT NULL DEFAULT '0',
  `name` varchar(128) NOT NULL DEFAULT '',
  `signature` text NOT NULL,
  `ispublic` tinyint(1) unsigned NOT NULL DEFAULT '1',
  `group_membership` tinyint(1) NOT NULL DEFAULT '0',
  `ticket_auto_response` tinyint(1) NOT NULL DEFAULT '1',
  `message_auto_response` tinyint(1) NOT NULL DEFAULT '0',
  `path` varchar(128) NOT NULL DEFAULT '/',
  `updated` datetime NOT NULL,
  `created` datetime NOT NULL,
  PRIMARY KEY (`id`),
  UNIQUE KEY `name` (`name`,`pid`),
  KEY `manager_id` (`manager_id`),
  KEY `autoresp_email_id` (`autoresp_email_id`),
  KEY `tpl_id` (`tpl_id`)
) ENGINE=InnoDB AUTO_INCREMENT=4 DEFAULT CHARSET=utf8;
/*!40101 SET character_set_client = @saved_cs_client */;

--
-- Dumping data for table `ost_department`
--

LOCK TABLES `ost_department` WRITE;
/*!40000 ALTER TABLE `ost_department` DISABLE KEYS */;
INSERT INTO `ost_department` VALUES (1,NULL,0,0,0,0,0,0,'Support','Support Department',1,1,1,1,'/1/','2018-12-26 13:26:17','2018-12-26 13:26:17'),(3,NULL,0,0,0,0,0,0,'Maintenance','Maintenance Department',1,0,1,1,'/3/','2018-12-26 13:26:17','2018-12-26 13:26:17');
/*!40000 ALTER TABLE `ost_department` ENABLE KEYS */;
UNLOCK TABLES;

--
-- Table structure for table `ost_draft`
--

DROP TABLE IF EXISTS `ost_draft`;
/*!40101 SET @saved_cs_client     = @@character_set_client */;
/*!40101 SET character_set_client = utf8 */;
CREATE TABLE `ost_draft` (
  `id` int(11) unsigned NOT NULL AUTO_INCREMENT,
  `staff_id` int(11) unsigned NOT NULL,
  `namespace` varchar(32) NOT NULL DEFAULT '',
  `body` text NOT NULL,
  `extra` text,
  `created` timestamp NOT NULL DEFAULT CURRENT_TIMESTAMP,
  `updated` timestamp NULL DEFAULT NULL,
  PRIMARY KEY (`id`)
) ENGINE=InnoDB DEFAULT CHARSET=utf8;
/*!40101 SET character_set_client = @saved_cs_client */;

--
-- Dumping data for table `ost_draft`
--

LOCK TABLES `ost_draft` WRITE;
/*!40000 ALTER TABLE `ost_draft` DISABLE KEYS */;
/*!40000 ALTER TABLE `ost_draft` ENABLE KEYS */;
UNLOCK TABLES;

--
-- Table structure for table `ost_email`
--

DROP TABLE IF EXISTS `ost_email`;
/*!40101 SET @saved_cs_client     = @@character_set_client */;
/*!40101 SET character_set_client = utf8 */;
CREATE TABLE `ost_email` (
  `email_id` int(11) unsigned NOT NULL AUTO_INCREMENT,
  `noautoresp` tinyint(1) unsigned NOT NULL DEFAULT '0',
  `priority_id` tinyint(3) unsigned NOT NULL DEFAULT '2',
  `dept_id` tinyint(3) unsigned NOT NULL DEFAULT '0',
  `topic_id` int(11) unsigned NOT NULL DEFAULT '0',
  `email` varchar(255) NOT NULL DEFAULT '',
  `name` varchar(255) NOT NULL DEFAULT '',
  `userid` varchar(255) NOT NULL,
  `userpass` varchar(255) CHARACTER SET ascii NOT NULL,
  `mail_active` tinyint(1) NOT NULL DEFAULT '0',
  `mail_host` varchar(255) NOT NULL,
  `mail_protocol` enum('POP','IMAP') NOT NULL DEFAULT 'POP',
  `mail_encryption` enum('NONE','SSL') NOT NULL,
  `mail_port` int(6) DEFAULT NULL,
  `mail_fetchfreq` tinyint(3) NOT NULL DEFAULT '5',
  `mail_fetchmax` tinyint(4) NOT NULL DEFAULT '30',
  `mail_archivefolder` varchar(255) DEFAULT NULL,
  `mail_delete` tinyint(1) NOT NULL DEFAULT '0',
  `mail_errors` tinyint(3) NOT NULL DEFAULT '0',
  `mail_lasterror` datetime DEFAULT NULL,
  `mail_lastfetch` datetime DEFAULT NULL,
  `smtp_active` tinyint(1) DEFAULT '0',
  `smtp_host` varchar(255) NOT NULL,
  `smtp_port` int(6) DEFAULT NULL,
  `smtp_secure` tinyint(1) NOT NULL DEFAULT '1',
  `smtp_auth` tinyint(1) NOT NULL DEFAULT '1',
  `smtp_spoofing` tinyint(1) unsigned NOT NULL DEFAULT '0',
  `notes` text,
  `created` datetime NOT NULL,
  `updated` datetime NOT NULL,
  PRIMARY KEY (`email_id`),
  UNIQUE KEY `email` (`email`),
  KEY `priority_id` (`priority_id`),
  KEY `dept_id` (`dept_id`)
) ENGINE=InnoDB AUTO_INCREMENT=4 DEFAULT CHARSET=utf8;
/*!40101 SET character_set_client = @saved_cs_client */;

--
-- Dumping data for table `ost_email`
--

LOCK TABLES `ost_email` WRITE;
/*!40000 ALTER TABLE `ost_email` DISABLE KEYS */;
INSERT INTO `ost_email` VALUES (1,0,2,1,0,'alequiroz098@gmail.com','Support','','',0,'','POP','NONE',NULL,5,30,NULL,0,0,NULL,NULL,0,'',NULL,1,1,0,NULL,'2018-12-26 13:26:20','2018-12-26 13:26:20'),(2,0,2,1,0,'alerts@gmail.com','osTicket Alerts','','',0,'','POP','NONE',NULL,5,30,NULL,0,0,NULL,NULL,0,'',NULL,1,1,0,NULL,'2018-12-26 13:26:20','2018-12-26 13:26:20'),(3,0,2,1,0,'noreply@gmail.com','','','',0,'','POP','NONE',NULL,5,30,NULL,0,0,NULL,NULL,0,'',NULL,1,1,0,NULL,'2018-12-26 13:26:20','2018-12-26 13:26:20');
/*!40000 ALTER TABLE `ost_email` ENABLE KEYS */;
UNLOCK TABLES;

--
-- Table structure for table `ost_email_account`
--

DROP TABLE IF EXISTS `ost_email_account`;
/*!40101 SET @saved_cs_client     = @@character_set_client */;
/*!40101 SET character_set_client = utf8 */;
CREATE TABLE `ost_email_account` (
  `id` int(11) unsigned NOT NULL AUTO_INCREMENT,
  `name` varchar(128) NOT NULL,
  `active` tinyint(1) NOT NULL DEFAULT '1',
  `protocol` varchar(64) NOT NULL DEFAULT '',
  `host` varchar(128) NOT NULL DEFAULT '',
  `port` int(11) NOT NULL,
  `username` varchar(128) DEFAULT NULL,
  `password` varchar(255) DEFAULT NULL,
  `options` varchar(512) DEFAULT NULL,
  `errors` int(11) unsigned DEFAULT NULL,
  `created` timestamp NOT NULL DEFAULT '0000-00-00 00:00:00',
  `updated` timestamp NOT NULL DEFAULT '0000-00-00 00:00:00' ON UPDATE CURRENT_TIMESTAMP,
  `lastconnect` timestamp NULL DEFAULT NULL,
  `lasterror` timestamp NULL DEFAULT NULL,
  PRIMARY KEY (`id`)
) ENGINE=InnoDB DEFAULT CHARSET=utf8;
/*!40101 SET character_set_client = @saved_cs_client */;

--
-- Dumping data for table `ost_email_account`
--

LOCK TABLES `ost_email_account` WRITE;
/*!40000 ALTER TABLE `ost_email_account` DISABLE KEYS */;
/*!40000 ALTER TABLE `ost_email_account` ENABLE KEYS */;
UNLOCK TABLES;

--
-- Table structure for table `ost_email_template`
--

DROP TABLE IF EXISTS `ost_email_template`;
/*!40101 SET @saved_cs_client     = @@character_set_client */;
/*!40101 SET character_set_client = utf8 */;
CREATE TABLE `ost_email_template` (
  `id` int(11) unsigned NOT NULL AUTO_INCREMENT,
  `tpl_id` int(11) unsigned NOT NULL,
  `code_name` varchar(32) NOT NULL,
  `subject` varchar(255) NOT NULL DEFAULT '',
  `body` text NOT NULL,
  `notes` text,
  `created` datetime NOT NULL,
  `updated` datetime NOT NULL,
  PRIMARY KEY (`id`),
  UNIQUE KEY `template_lookup` (`tpl_id`,`code_name`)
) ENGINE=InnoDB AUTO_INCREMENT=20 DEFAULT CHARSET=utf8;
/*!40101 SET character_set_client = @saved_cs_client */;

--
-- Dumping data for table `ost_email_template`
--

LOCK TABLES `ost_email_template` WRITE;
/*!40000 ALTER TABLE `ost_email_template` DISABLE KEYS */;
INSERT INTO `ost_email_template` VALUES (1,1,'ticket.autoresp','Support Ticket Opened [#%{ticket.number}]',' <h3><strong>Dear %{recipient.name.first},</strong></h3> <p> A request for support has been created and assigned #%{ticket.number}. A representative will follow-up with you as soon as possible. You can <a href=\"%%7Brecipient.ticket_link%7D\">view this ticket\'s progress online</a>. </p> <br /><div style=\"color:rgb(127, 127, 127)\"> Your %{company.name} Team, <br /> %{signature} </div> <hr /> <div style=\"color:rgb(127, 127, 127);font-size:small\"><em>If you wish to provide additional comments or information regarding the issue, please reply to this email or <a href=\"%%7Brecipient.ticket_link%7D\"><span style=\"color:rgb(84, 141, 212)\">login to your account</span></a> for a complete archive of your support requests.</em></div> ',NULL,'2018-12-26 13:26:19','2018-12-26 13:26:19'),(2,1,'ticket.autoreply','Re: %{ticket.subject} [#%{ticket.number}]',' <h3><strong>Dear %{recipient.name.first},</strong></h3> A request for support has been created and assigned ticket <a href=\"%%7Brecipient.ticket_link%7D\">#%{ticket.number}</a> with the following automatic reply <br /><br /> Topic: <strong>%{ticket.topic.name}</strong> <br /> Subject: <strong>%{ticket.subject}</strong> <br /><br /> %{response} <br /><br /><div style=\"color:rgb(127, 127, 127)\">Your %{company.name} Team,<br /> %{signature}</div> <hr /> <div style=\"color:rgb(127, 127, 127);font-size:small\"><em>We hope this response has sufficiently answered your questions. If you wish to provide additional comments or information, please reply to this email or <a href=\"%%7Brecipient.ticket_link%7D\"><span style=\"color:rgb(84, 141, 212)\">login to your account</span></a> for a complete archive of your support requests.</em></div> ',NULL,'2018-12-26 13:26:19','2018-12-26 13:26:19'),(3,1,'message.autoresp','Message Confirmation',' <h3><strong>Dear %{recipient.name.first},</strong></h3> Your reply to support request <a href=\"%%7Brecipient.ticket_link%7D\">#%{ticket.number}</a> has been noted <br /><br /><div style=\"color:rgb(127, 127, 127)\"> Your %{company.name} Team,<br /> %{signature} </div> <hr /> <div style=\"color:rgb(127, 127, 127);font-size:small;text-align:center\"> <em>You can view the support request progress <a href=\"%%7Brecipient.ticket_link%7D\">online here</a></em> </div> ',NULL,'2018-12-26 13:26:19','2018-12-26 13:26:19'),(4,1,'ticket.notice','%{ticket.subject} [#%{ticket.number}]',' <h3><strong>Dear %{recipient.name.first},</strong></h3> Our customer care team has created a ticket, <a href=\"%%7Brecipient.ticket_link%7D\">#%{ticket.number}</a> on your behalf, with the following details and summary: <br /><br /> Topic: <strong>%{ticket.topic.name}</strong> <br /> Subject: <strong>%{ticket.subject}</strong> <br /><br /> %{message} <br /><br /> If need be, a representative will follow-up with you as soon as possible. You can also <a href=\"%%7Brecipient.ticket_link%7D\">view this ticket\'s progress online</a>. <br /><br /><div style=\"color:rgb(127, 127, 127)\"> Your %{company.name} Team,<br /> %{signature}</div> <hr /> <div style=\"color:rgb(127, 127, 127);font-size:small\"><em>If you wish to provide additional comments or information regarding the issue, please reply to this email or <a href=\"%%7Brecipient.ticket_link%7D\"><span style=\"color:rgb(84, 141, 212)\">login to your account</span></a> for a complete archive of your support requests.</em></div> ',NULL,'2018-12-26 13:26:19','2018-12-26 13:26:19'),(5,1,'ticket.overlimit','Open Tickets Limit Reached',' <h3><strong>Dear %{ticket.name.first},</strong></h3> You have reached the maximum number of open tickets allowed. To be able to open another ticket, one of your pending tickets must be closed. To update or add comments to an open ticket simply <a href=\"%%7Burl%7D/tickets.php?e=%%7Bticket.email%7D\">login to our helpdesk</a>. <br /><br /> Thank you,<br /> Support Ticket System',NULL,'2018-12-26 13:26:19','2018-12-26 13:26:19'),(6,1,'ticket.reply','Re: %{ticket.subject} [#%{ticket.number}]',' <h3><strong>Dear %{recipient.name},</strong></h3> %{response} <br /><br /><div style=\"color:rgb(127, 127, 127)\"> Your %{company.name} Team,<br /> %{signature} </div> <hr /> <div style=\"color:rgb(127, 127, 127);font-size:small;text-align:center\"><em>We hope this response has sufficiently answered your questions. If not, please do not send another email. Instead, reply to this email or <a href=\"%%7Brecipient.ticket_link%7D\" style=\"color:rgb(84, 141, 212)\">login to your account</a> for a complete archive of all your support requests and responses.</em></div> ',NULL,'2018-12-26 13:26:19','2018-12-26 13:26:19'),(7,1,'ticket.activity.notice','Re: %{ticket.subject} [#%{ticket.number}]',' <h3><strong>Dear %{recipient.name.first},</strong></h3> <div> <em>%{poster.name}</em> just logged a message to a ticket in which you participate. </div> <br /> %{message} <br /><br /><hr /> <div style=\"color:rgb(127, 127, 127);font-size:small;text-align:center\"> <em>You\'re getting this email because you are a collaborator on ticket <a href=\"%%7Brecipient.ticket_link%7D\" style=\"color:rgb(84, 141, 212)\">#%{ticket.number}</a>. To participate, simply reply to this email or <a href=\"%%7Brecipient.ticket_link%7D\" style=\"color:rgb(84, 141, 212)\">click here</a> for a complete archive of the ticket thread.</em> </div> ',NULL,'2018-12-26 13:26:19','2018-12-26 13:26:19'),(8,1,'ticket.alert','New Ticket Alert',' <h2>Hi %{recipient.name},</h2> New ticket #%{ticket.number} created <br /><br /><table><tbody> <tr> <td> <strong>From</strong>: </td> <td> %{ticket.name} </td> </tr> <tr> <td> <strong>Department</strong>: </td> <td> %{ticket.dept.name} </td> </tr> </tbody></table> <br /> %{message} <br /><br /><hr /> <div>To view or respond to the ticket, please <a href=\"%%7Bticket.staff_link%7D\">login</a> to the support ticket system</div> <em style=\"font-size:small\">Your friendly Customer Support System</em> <br /><a href=\"http://osticket.com/\"><img width=\"126\" height=\"19\" style=\"width:126px\" alt=\"Powered By osTicket\" src=\"cid:b56944cb4722cc5cda9d1e23a3ea7fbc\" /></a> ',NULL,'2018-12-26 13:26:19','2018-12-26 13:26:19'),(9,1,'message.alert','New Message Alert',' <h3><strong>Hi %{recipient.name},</strong></h3> New message appended to ticket <a href=\"%%7Bticket.staff_link%7D\">#%{ticket.number}</a> <br /><br /><table><tbody> <tr> <td> <strong>From</strong>: </td> <td> %{ticket.name} </td> </tr> <tr> <td> <strong>Department</strong>: </td> <td> %{ticket.dept.name} </td> </tr> </tbody></table> <br /> %{message} <br /><br /><hr /> <div>To view or respond to the ticket, please <a href=\"%%7Bticket.staff_link%7D\"><span style=\"color:rgb(84, 141, 212)\">login</span></a> to the support ticket system</div> <em style=\"color:rgb(127,127,127);font-size:small\">Your friendly Customer Support System</em><br /><img src=\"cid:b56944cb4722cc5cda9d1e23a3ea7fbc\" alt=\"Powered by osTicket\" width=\"126\" height=\"19\" style=\"width:126px\" /> ',NULL,'2018-12-26 13:26:19','2018-12-26 13:26:19'),(10,1,'note.alert','New Internal Activity Alert',' <h3><strong>Hi %{recipient.name},</strong></h3> An agent has logged activity on ticket <a href=\"%%7Bticket.staff_link%7D\">#%{ticket.number}</a> <br /><br /><table><tbody> <tr> <td> <strong>From</strong>: </td> <td> %{note.poster} </td> </tr> <tr> <td> <strong>Title</strong>: </td> <td> %{note.title} </td> </tr> </tbody></table> <br /> %{note.message} <br /><br /><hr /> To view/respond to the ticket, please <a href=\"%%7Bticket.staff_link%7D\">login</a> to the support ticket system <br /><br /><em style=\"font-size:small\">Your friendly Customer Support System</em> <br /><img src=\"cid:b56944cb4722cc5cda9d1e23a3ea7fbc\" alt=\"Powered by osTicket\" width=\"126\" height=\"19\" style=\"width:126px\" /> ',NULL,'2018-12-26 13:26:19','2018-12-26 13:26:19'),(11,1,'assigned.alert','Ticket Assigned to you',' <h3><strong>Hi %{assignee.name.first},</strong></h3> Ticket <a href=\"%%7Bticket.staff_link%7D\">#%{ticket.number}</a> has been assigned to you by %{assigner.name.short} <br /><br /><table><tbody> <tr> <td> <strong>From</strong>: </td> <td> %{ticket.name} </td> </tr> <tr> <td> <strong>Subject</strong>: </td> <td> %{ticket.subject} </td> </tr> </tbody></table> <br /> %{comments} <br /><br /><hr /> <div>To view/respond to the ticket, please <a href=\"%%7Bticket.staff_link%7D\"><span style=\"color:rgb(84, 141, 212)\">login</span></a> to the support ticket system</div> <em style=\"font-size:small\">Your friendly Customer Support System</em> <br /><img src=\"cid:b56944cb4722cc5cda9d1e23a3ea7fbc\" alt=\"Powered by osTicket\" width=\"126\" height=\"19\" style=\"width:126px\" /> ',NULL,'2018-12-26 13:26:19','2018-12-26 13:26:19'),(12,1,'transfer.alert','Ticket #%{ticket.number} transfer - %{ticket.dept.name}',' <h3>Hi %{recipient.name},</h3> Ticket <a href=\"%%7Bticket.staff_link%7D\">#%{ticket.number}</a> has been transferred to the %{ticket.dept.name} department by <strong>%{staff.name.short}</strong> <br /><br /><blockquote> %{comments} </blockquote> <hr /> <div>To view or respond to the ticket, please <a href=\"%%7Bticket.staff_link%7D\">login</a> to the support ticket system. </div> <em style=\"font-size:small\">Your friendly Customer Support System</em> <br /><a href=\"http://osticket.com/\"><img width=\"126\" height=\"19\" alt=\"Powered By osTicket\" style=\"width:126px\" src=\"cid:b56944cb4722cc5cda9d1e23a3ea7fbc\" /></a> ',NULL,'2018-12-26 13:26:19','2018-12-26 13:26:19'),(13,1,'ticket.overdue','Stale Ticket Alert',' <h3> <strong>Hi %{recipient.name}</strong>,</h3> A ticket, <a href=\"%%7Bticket.staff_link%7D\">#%{ticket.number}</a> is seriously overdue. <br /><br /> We should all work hard to guarantee that all tickets are being addressed in a timely manner. <br /><br /> Signed,<br /> %{ticket.dept.manager.name} <hr /> <div>To view or respond to the ticket, please <a href=\"%%7Bticket.staff_link%7D\"><span style=\"color:rgb(84, 141, 212)\">login</span></a> to the support ticket system. You\'re receiving this notice because the ticket is assigned directly to you or to a team or department of which you\'re a member.</div> <em style=\"font-size:small\">Your friendly <span style=\"font-size:smaller\">(although with limited patience)</span> Customer Support System</em><br /><img src=\"cid:b56944cb4722cc5cda9d1e23a3ea7fbc\" height=\"19\" alt=\"Powered by osTicket\" width=\"126\" style=\"width:126px\" /> ',NULL,'2018-12-26 13:26:19','2018-12-26 13:26:19'),(14,1,'task.alert','New Task Alert',' <h2>Hi %{recipient.name},</h2> New task <a href=\"%%7Btask.staff_link%7D\">#%{task.number}</a> created <br /><br /><table><tbody><tr> <td> <strong>Department</strong>: </td> <td> %{task.dept.name} </td> </tr></tbody></table> <br /> %{task.description} <br /><br /><hr /> <div>To view or respond to the ticket, please <a href=\"%%7Btask.staff_link%7D\">login</a> to the support system</div> <em style=\"font-size:small\">Your friendly Customer Support System</em> <br /><a href=\"http://osticket.com/\"><img width=\"126\" height=\"19\" style=\"width:126px\" alt=\"Powered By osTicket\" src=\"cid:b56944cb4722cc5cda9d1e23a3ea7fbc\" /></a> ',NULL,'2018-12-26 13:26:19','2018-12-26 13:26:19'),(15,1,'task.activity.notice','Re: %{task.title} [#%{task.number}]',' <h3><strong>Dear %{recipient.name.first},</strong></h3> <div> <em>%{poster.name}</em> just logged a message to a task in which you participate. </div> <br /> %{message} <br /><br /><hr /> <div style=\"color:rgb(127, 127, 127);font-size:small;text-align:center\"> <em>You\'re getting this email because you are a collaborator on task #%{task.number}. To participate, simply reply to this email.</em> </div> ',NULL,'2018-12-26 13:26:19','2018-12-26 13:26:19'),(16,1,'task.activity.alert','Task Activity [#%{task.number}] - %{activity.title}',' <h3><strong>Hi %{recipient.name},</strong></h3> Task <a href=\"%%7Btask.staff_link%7D\">#%{task.number}</a> updated: %{activity.description} <br /><br /> %{message} <br /><br /><hr /> <div>To view or respond to the task, please <a href=\"%%7Btask.staff_link%7D\"><span style=\"color:rgb(84, 141, 212)\">login</span></a> to the support system</div> <em style=\"color:rgb(127,127,127);font-size:small\">Your friendly Customer Support System</em><br /><img src=\"cid:b56944cb4722cc5cda9d1e23a3ea7fbc\" alt=\"Powered by osTicket\" width=\"126\" height=\"19\" style=\"width:126px\" /> ',NULL,'2018-12-26 13:26:19','2018-12-26 13:26:19'),(17,1,'task.assignment.alert','Task Assigned to you',' <h3><strong>Hi %{assignee.name.first},</strong></h3> Task <a href=\"%%7Btask.staff_link%7D\">#%{task.number}</a> has been assigned to you by %{assigner.name.short} <br /><br /> %{comments} <br /><br /><hr /> <div>To view/respond to the task, please <a href=\"%%7Btask.staff_link%7D\"><span style=\"color:rgb(84, 141, 212)\">login</span></a> to the support system</div> <em style=\"font-size:small\">Your friendly Customer Support System</em> <br /><img src=\"cid:b56944cb4722cc5cda9d1e23a3ea7fbc\" alt=\"Powered by osTicket\" width=\"126\" height=\"19\" style=\"width:126px\" /> ',NULL,'2018-12-26 13:26:19','2018-12-26 13:26:19'),(18,1,'task.transfer.alert','Task #%{task.number} transfer - %{task.dept.name}',' <h3>Hi %{recipient.name},</h3> Task <a href=\"%%7Btask.staff_link%7D\">#%{task.number}</a> has been transferred to the %{task.dept.name} department by <strong>%{staff.name.short}</strong> <br /><br /><blockquote> %{comments} </blockquote> <hr /> <div>To view or respond to the task, please <a href=\"%%7Btask.staff_link%7D\">login</a> to the support system. </div> <em style=\"font-size:small\">Your friendly Customer Support System</em> <br /><a href=\"http://osticket.com/\"><img width=\"126\" height=\"19\" alt=\"Powered By osTicket\" style=\"width:126px\" src=\"cid:b56944cb4722cc5cda9d1e23a3ea7fbc\" /></a> ',NULL,'2018-12-26 13:26:19','2018-12-26 13:26:19'),(19,1,'task.overdue.alert','Stale Task Alert',' <h3> <strong>Hi %{recipient.name}</strong>,</h3> A task, <a href=\"%%7Btask.staff_link%7D\">#%{task.number}</a> is seriously overdue. <br /><br /> We should all work hard to guarantee that all tasks are being addressed in a timely manner. <br /><br /> Signed,<br /> %{task.dept.manager.name} <hr /> <div>To view or respond to the task, please <a href=\"%%7Btask.staff_link%7D\"><span style=\"color:rgb(84, 141, 212)\">login</span></a> to the support system. You\'re receiving this notice because the task is assigned directly to you or to a team or department of which you\'re a member.</div> <em style=\"font-size:small\">Your friendly <span style=\"font-size:smaller\">(although with limited patience)</span> Customer Support System</em><br /><img src=\"cid:b56944cb4722cc5cda9d1e23a3ea7fbc\" height=\"19\" alt=\"Powered by osTicket\" width=\"126\" style=\"width:126px\" /> ',NULL,'2018-12-26 13:26:19','2018-12-26 13:26:19');
/*!40000 ALTER TABLE `ost_email_template` ENABLE KEYS */;
UNLOCK TABLES;

--
-- Table structure for table `ost_email_template_group`
--

DROP TABLE IF EXISTS `ost_email_template_group`;
/*!40101 SET @saved_cs_client     = @@character_set_client */;
/*!40101 SET character_set_client = utf8 */;
CREATE TABLE `ost_email_template_group` (
  `tpl_id` int(11) NOT NULL AUTO_INCREMENT,
  `isactive` tinyint(1) unsigned NOT NULL DEFAULT '0',
  `name` varchar(32) NOT NULL DEFAULT '',
  `lang` varchar(16) NOT NULL DEFAULT 'en_US',
  `notes` text,
  `created` datetime NOT NULL,
  `updated` timestamp NOT NULL DEFAULT CURRENT_TIMESTAMP ON UPDATE CURRENT_TIMESTAMP,
  PRIMARY KEY (`tpl_id`)
) ENGINE=InnoDB AUTO_INCREMENT=2 DEFAULT CHARSET=utf8;
/*!40101 SET character_set_client = @saved_cs_client */;

--
-- Dumping data for table `ost_email_template_group`
--

LOCK TABLES `ost_email_template_group` WRITE;
/*!40000 ALTER TABLE `ost_email_template_group` DISABLE KEYS */;
INSERT INTO `ost_email_template_group` VALUES (1,1,'osTicket Default Template (HTML)','en_US','Default osTicket templates','2018-12-26 13:26:19','2018-12-26 19:26:19');
/*!40000 ALTER TABLE `ost_email_template_group` ENABLE KEYS */;
UNLOCK TABLES;

--
-- Table structure for table `ost_faq`
--

DROP TABLE IF EXISTS `ost_faq`;
/*!40101 SET @saved_cs_client     = @@character_set_client */;
/*!40101 SET character_set_client = utf8 */;
CREATE TABLE `ost_faq` (
  `faq_id` int(10) unsigned NOT NULL AUTO_INCREMENT,
  `category_id` int(10) unsigned NOT NULL DEFAULT '0',
  `ispublished` tinyint(1) unsigned NOT NULL DEFAULT '0',
  `question` varchar(255) NOT NULL,
  `answer` text NOT NULL,
  `keywords` tinytext,
  `notes` text,
  `created` datetime NOT NULL,
  `updated` datetime NOT NULL,
  PRIMARY KEY (`faq_id`),
  UNIQUE KEY `question` (`question`),
  KEY `category_id` (`category_id`),
  KEY `ispublished` (`ispublished`)
) ENGINE=InnoDB DEFAULT CHARSET=utf8;
/*!40101 SET character_set_client = @saved_cs_client */;

--
-- Dumping data for table `ost_faq`
--

LOCK TABLES `ost_faq` WRITE;
/*!40000 ALTER TABLE `ost_faq` DISABLE KEYS */;
/*!40000 ALTER TABLE `ost_faq` ENABLE KEYS */;
UNLOCK TABLES;

--
-- Table structure for table `ost_faq_category`
--

DROP TABLE IF EXISTS `ost_faq_category`;
/*!40101 SET @saved_cs_client     = @@character_set_client */;
/*!40101 SET character_set_client = utf8 */;
CREATE TABLE `ost_faq_category` (
  `category_id` int(10) unsigned NOT NULL AUTO_INCREMENT,
  `ispublic` tinyint(1) unsigned NOT NULL DEFAULT '0',
  `name` varchar(125) DEFAULT NULL,
  `description` text NOT NULL,
  `notes` tinytext NOT NULL,
  `created` datetime NOT NULL,
  `updated` datetime NOT NULL,
  PRIMARY KEY (`category_id`),
  KEY `ispublic` (`ispublic`)
) ENGINE=InnoDB DEFAULT CHARSET=utf8;
/*!40101 SET character_set_client = @saved_cs_client */;

--
-- Dumping data for table `ost_faq_category`
--

LOCK TABLES `ost_faq_category` WRITE;
/*!40000 ALTER TABLE `ost_faq_category` DISABLE KEYS */;
/*!40000 ALTER TABLE `ost_faq_category` ENABLE KEYS */;
UNLOCK TABLES;

--
-- Table structure for table `ost_faq_topic`
--

DROP TABLE IF EXISTS `ost_faq_topic`;
/*!40101 SET @saved_cs_client     = @@character_set_client */;
/*!40101 SET character_set_client = utf8 */;
CREATE TABLE `ost_faq_topic` (
  `faq_id` int(10) unsigned NOT NULL,
  `topic_id` int(10) unsigned NOT NULL,
  PRIMARY KEY (`faq_id`,`topic_id`)
) ENGINE=InnoDB DEFAULT CHARSET=utf8;
/*!40101 SET character_set_client = @saved_cs_client */;

--
-- Dumping data for table `ost_faq_topic`
--

LOCK TABLES `ost_faq_topic` WRITE;
/*!40000 ALTER TABLE `ost_faq_topic` DISABLE KEYS */;
/*!40000 ALTER TABLE `ost_faq_topic` ENABLE KEYS */;
UNLOCK TABLES;

--
-- Table structure for table `ost_file`
--

DROP TABLE IF EXISTS `ost_file`;
/*!40101 SET @saved_cs_client     = @@character_set_client */;
/*!40101 SET character_set_client = utf8 */;
CREATE TABLE `ost_file` (
  `id` int(11) NOT NULL AUTO_INCREMENT,
  `ft` char(1) NOT NULL DEFAULT 'T',
  `bk` char(1) NOT NULL DEFAULT 'D',
  `type` varchar(255) CHARACTER SET ascii NOT NULL DEFAULT '',
  `size` bigint(20) unsigned NOT NULL DEFAULT '0',
  `key` varchar(86) CHARACTER SET ascii NOT NULL,
  `signature` varchar(86) CHARACTER SET ascii COLLATE ascii_bin NOT NULL,
  `name` varchar(255) NOT NULL DEFAULT '',
  `attrs` varchar(255) DEFAULT NULL,
  `created` datetime NOT NULL,
  PRIMARY KEY (`id`),
  KEY `ft` (`ft`),
  KEY `key` (`key`),
  KEY `signature` (`signature`)
) ENGINE=InnoDB AUTO_INCREMENT=3 DEFAULT CHARSET=utf8;
/*!40101 SET character_set_client = @saved_cs_client */;

--
-- Dumping data for table `ost_file`
--

LOCK TABLES `ost_file` WRITE;
/*!40000 ALTER TABLE `ost_file` DISABLE KEYS */;
INSERT INTO `ost_file` VALUES (1,'T','D','image/png',9452,'b56944cb4722cc5cda9d1e23a3ea7fbc','gjMyblHhAxCQvzLfPBW3EjMUY1AmQQmz','powered-by-osticket.png',NULL,'2018-12-26 13:26:18'),(2,'T','D','text/plain',24,'nQJhCMWtx86n3ccfeGGNagoRoTDtol7o','MWtx86n3ccfeGGNafaacpitTxmJ4h3Ls','osTicket.txt',NULL,'2018-12-26 13:26:19');
/*!40000 ALTER TABLE `ost_file` ENABLE KEYS */;
UNLOCK TABLES;

--
-- Table structure for table `ost_file_chunk`
--

DROP TABLE IF EXISTS `ost_file_chunk`;
/*!40101 SET @saved_cs_client     = @@character_set_client */;
/*!40101 SET character_set_client = utf8 */;
CREATE TABLE `ost_file_chunk` (
  `file_id` int(11) NOT NULL,
  `chunk_id` int(11) NOT NULL,
  `filedata` longblob NOT NULL,
  PRIMARY KEY (`file_id`,`chunk_id`)
) ENGINE=InnoDB DEFAULT CHARSET=utf8;
/*!40101 SET character_set_client = @saved_cs_client */;

--
-- Dumping data for table `ost_file_chunk`
--

LOCK TABLES `ost_file_chunk` WRITE;
/*!40000 ALTER TABLE `ost_file_chunk` DISABLE KEYS */;
INSERT INTO `ost_file_chunk` VALUES (1,0,'PNG\r\n\Z\n\0\0\0\rIHDR\0\0\0\0\0\0(\0\0\0G\0\0\nCiCCPICC profile\0\0xSwX>eVBl\0\"#Y\0a@\nVHU\nH(gAZU\\8}zy&j\09R<:OHH g\0\0yx~t?o\0\0p.$P&W\0 \0\"R\0.T\0\0Sd\n\0\0\0ly|B\"\0\r\0I>\0\0\0\0(G$@\0`UR,\0@\".Y2G\0vX@`\0B,\0 8\0C L0_pH\0K3\Zw!lBa)f	\"#HL\0\0\Z8?flko\">!\0N_puk[\0V\0h]3	Z\nzy8@P<\n%b0>3o~@z\0q@qanvRB1n#)4\\,XP\"MyRD!2	w\r\0ONl~Xv\0@~-\Z\0g42y\0\0@+\0\0\0\\L\0\0D*AaD@$<B\nAT:\Z18\r\\p`	Aa!:b\"\"aH4 Q\"rBj]H#-r9\\@ 2G1Qu@\Zst4]k\Z=Kut\0}c1fa\\E`X\Z&cX5V5cX7va$^lGXLXC%#W	1\'\"O%zxb:XF&!!%^\'_H$N\n!%2IIkHH-S>iL&m O:L	$RJ5e?2BQ:ZImvP/S4u%C-igih/t	Ekw\r\rHb(k{/LT02goUX**|:V~TUsU?yTU^V}FUP	U6RwRPQ__c\rFHTc!2eXBrV,kMb[Lvv/{LSCsfffq9J!\r{--?-jf~7zbrup@,:m:u	6Qu>cy	Gm7046l18cckihhI\'&g5x>fob4ek<abi2)kft,9kaEJ6|MV>VyVVI\\,mWlPW:vm))Sn1\n9a%m;t;|rtuvlp4Wggs5KvSmnz\Zm=}M.]=AXq/^v^Y^O&0m[{`:>=e>>z\"=#~~~;yN`\Zk5/>B	\rYroc3g,Z0&L~oLGli})*2.QStqt,Yg;jrvgjlRlcxEt$	=sl3Ttcw<Y5Y|8? BP/OnMOEQJ<V8;}ChOFu3	OR+y#MVDq-9R\ri+0(Of++\rym#slLRPL/+x[[xHHZ3f#|PxY\"E#Sw.1]Rdxi}hPXRUjyRC+W4nZcadUj[V*_pFWN_|ymJHnYJjA\r_mJtzj5a5[6z]V&w{;+xWkE}n\Zb~GwO{{Ejtol	mR6H:powpZ*A\'|{PHy+:u-m=^G~1cu5W(=dN?=yLk]Q]gC?tL_]p\"b%K==G~pH[oeW<tM;js.]yn&%vw\nL]zxem``Y	GG#F#\r\Zd~VysKXyr:#y=}(@PcO>|/9%\0\0\0tEXtSoftware\0Adobe ImageReadyqe<\0\0(iTXtXML:com.adobe.xmp\0\0\0\0\0<?xpacket begin=\"\" id=\"W5M0MpCehiHzreSzNTczkc9d\"?> <x:xmpmeta xmlns:x=\"adobe:ns:meta/\" x:xmptk=\"Adobe XMP Core 5.6-c014 79.156797, 2014/08/20-09:53:02        \"> <rdf:RDF xmlns:rdf=\"http://www.w3.org/1999/02/22-rdf-syntax-ns#\"> <rdf:Description rdf:about=\"\" xmlns:xmp=\"http://ns.adobe.com/xap/1.0/\" xmlns:xmpMM=\"http://ns.adobe.com/xap/1.0/mm/\" xmlns:stRef=\"http://ns.adobe.com/xap/1.0/sType/ResourceRef#\" xmp:CreatorTool=\"Adobe Photoshop CC 2014 (Macintosh)\" xmpMM:InstanceID=\"xmp.iid:6E2C95DEA67311E4BDCDDF91FAF94DA5\" xmpMM:DocumentID=\"xmp.did:6E2C95DFA67311E4BDCDDF91FAF94DA5\"> <xmpMM:DerivedFrom stRef:instanceID=\"xmp.iid:CFA74E4FA67111E4BDCDDF91FAF94DA5\" stRef:documentID=\"xmp.did:CFA74E50A67111E4BDCDDF91FAF94DA5\"/> </rdf:Description> </rdf:RDF> </x:xmpmeta> <?xpacket end=\"r\"?>\0\0IDATx]	S?/{2dfaq]67(*-\n.+ nJSR:VDT,e2l3LosNPq$s1NY96tS/Q]k~Kz>%45<,clmY\'BhBLZM?\0]sG>Z(4W]h\r\"&F4]?JKD$F>Yd-}QZYe)*t$\r	=(tBg	=_Q\0mV+SvaDWgBBeBLH#tB	mFW\0;t _@x.t![!#\\|W:\rGI9*6JkSAqGN\09EBM~-4?~I}&yeYo\nu{.rBkiv?LGj-+Q\02%>|(^\nXrTR-*-RVBI:GT#5i\ZE\"FlD;\\_psjdB\"tB)2w`^MnA!<Y>\nktMJw%<.BU\\GBI?]\0o^eF&.aa5#o>=L^]FJN\0GV\Z!q#!6=X9\\T2{c,)zakl@1{^MF_b(79+\'J{hn[\\hiGc41\'\'M1>;kL$|~,x l(4W.\ZAjrsrWMWr\"zh>;YE,0\\\\1b\"\'xuLYx9)^[\0PXVNXT(\"YuWevRUC55ACGY6?@1kVS|9IX*rD\"L=*@4=NwZj9%p%a~yBe\rK;HTo+)Q_tcIUB\"VVg>LvWS1|XpyZxrR\'#)WH[ 	(#=B2C@JL,H$(N)2\'\Z/*\'rZKDV((g	{P]aY j=B\n\"4~nVnwRXFUrQsJd\Zz7\"y7ecV%BT`SO;]NNyXz7s}~j/\rnFz*f5)EEK|j44\rI.x.j6GJG_Zz1`NxP<8^$6vhUY\nGjr/^DaSImL\Z^ fZA36ck{,\Z9R@WQ%ZdWmo\'rKJU07YD~&*1~&=PH:	e~|d4:\n{T+h,9wwzX\0-KN/R\r3-Hh+apymv+g7E#:*Z;xw*Kq8WQ<{X&xPTR;P #%\'H/d&Ay?Lj6=\"9t9\Z_2I$\0K,-\"hg.v8a=]MV*D-zc0:z7yG(/y=|^[caq>Qj)bDkyJ@cKleh\rK)AxnvF8\rJBww*%Gl^*DLV )Qx1NT7o.|eSV>^B/\ZqSE>;-41tiD8U}\'\"OBz#wv8;IF>:O4DrSm.F!%8Iy\"e*HNEft5K#LBE36P$V72;P\"1\\y (r\"W>zS}|?A6Nyp9H\0616PZ}i\"R7%OkCU!j/@61z	\'[~w7V\0q_+}o^e4\"6s!\\rkJNT$@QNS$yZ(_:{W,\r/u\Zsxqh.}	g(b[\ZsL7RF+%(G8\"4r)5V6IF\r: XR>9Q;G)^LR#.c/5/dIzf9,}Og+>{8xq*k^Z`5ruu\"IE[uT\\\nqf-/I4%8{07\"W+kTGa_dC:2v\0Y-{0N6V!1y\0@LFy@::x:/+Eu.^f=0	WV\"bK53Ght#+>?=0}0tu\rV9)ft~;W9Xtt#)\n6Ex9r8_KgD+	\nZu-@GLM\Z`^N\r^F	` #bLFD~x@7:!l1l\Z\'9@p)bPbNUPqt8\"\'\r\\&!&OGGbnf`]0N=m?kXF$?2bP\np0{EAoh|dYE,qjQe0T`K|4bf.DfoND=l,u1\\vUPwBG_)1\0NoC&<Pq~6cmZb>	\\U\' y>!FG,GMOf uQnxHrL<4?f/qRJ%e\"2s!!\'~p\r#Je+R=um^JU|FopC(h_oI3]puB4+q.CI[IMgTm(FFg/\"XA]\03#)I5rc}G@@Q|\0E(NwuDK\0h*YC.1UrX4<y;_B@D1p~mxVg5Ze+xH\'P\rDlwPdx>]hBGGR|`QvBC,EROg*/69p8!q\"BZ45xH2-G:I83%$|aY\0<ZW0&aTnUZtep\Zi#EF6*\\o&H\'	=c6m\"6WJVQSq*b,Qd{4{ru!Fn-7aL7i@{PL%$(\'qcw``@5	e\Z9fV%M(qasQw^w\nRZ0EOtn`eY=m.\'2_CN`(!kM4u%4)H[/;}\\8*X=Mwh\r\Zt\n\\\'\"\nZ~M3-98R8g_@uWN45b5T^RcSVhb>b\0#5:,wcTPma\' E	e0XBIFx\\yU\"8r[Er:!5dIAh\'Z4Wtg4v<Q]-\\A(5`m,	V\ZXd*Pb<B%+#c.V*P,Vy(:\0F#\"|Fu7l+\0(b`xPR7*).^U(\\;P\0y\Z\0j8\ZydQeZ	EOhu)h3![SU\'_q(.ROBbWhG\rN)|VFh&D]E4 ky6hw=?D\'ub-TsGyy`8<\na+V\rh2	x1MAy)lk$Hy7t\rjH/6-Ju&<}\"Qn@{jK\Z.`-NBhM/^\\1vS/GJP!6#9:CbDR_9C\rSU]SE4;Bo\"(Px)\'p	{P4	0,@:L\\j_g080c\"!,x77\Z\nd\"~h~P9I,FS;km@F2?\n%5z|:5hDCtGTET}-qz{\niIQ3#dt-!DWD#w#e&\ZQNDwjq{pk+{gZrl\"lm$lp$I?1`<:$BibBc]k8qvCdWxU\'yQ.=o3V %|F=V+$E\'^9O7KLZI4xaA>g\0`_c:\Z\rF(D~@33)S: _?\\M)8~x/F!Pnp/%h[pXes,\nieLDJKKruA)Jw\"dx^W\np$\0D(-]]:hkid3+;Un4\nKP(Ph\n;^,]|XTw	Vv\0ubS(Z?=g`x5MY9\Z\\Sl3e:Y	jBnvJ5szS.\'%jh\0Z=_\Zh`oe[)#2iM7bVN@tS_]wfHuHemHk ZD\'(NT|_;\"VJLi/Bh8\"/!wF5vT!+Q/AFO4C\Zp0jC\nJ\'6Q~7vD3/B5@Z p_\0s]J\0\0\0\0IENDB`'),(2,0,'Canned Attachments Rock!');
/*!40000 ALTER TABLE `ost_file_chunk` ENABLE KEYS */;
UNLOCK TABLES;

--
-- Table structure for table `ost_filter`
--

DROP TABLE IF EXISTS `ost_filter`;
/*!40101 SET @saved_cs_client     = @@character_set_client */;
/*!40101 SET character_set_client = utf8 */;
CREATE TABLE `ost_filter` (
  `id` int(11) unsigned NOT NULL AUTO_INCREMENT,
  `execorder` int(10) unsigned NOT NULL DEFAULT '99',
  `isactive` tinyint(1) unsigned NOT NULL DEFAULT '1',
  `status` int(11) unsigned NOT NULL DEFAULT '0',
  `match_all_rules` tinyint(1) unsigned NOT NULL DEFAULT '0',
  `stop_onmatch` tinyint(1) unsigned NOT NULL DEFAULT '0',
  `target` enum('Any','Web','Email','API') NOT NULL DEFAULT 'Any',
  `email_id` int(10) unsigned NOT NULL DEFAULT '0',
  `name` varchar(32) NOT NULL DEFAULT '',
  `notes` text,
  `created` datetime NOT NULL,
  `updated` datetime NOT NULL,
  PRIMARY KEY (`id`),
  KEY `target` (`target`),
  KEY `email_id` (`email_id`)
) ENGINE=InnoDB AUTO_INCREMENT=2 DEFAULT CHARSET=utf8;
/*!40101 SET character_set_client = @saved_cs_client */;

--
-- Dumping data for table `ost_filter`
--

LOCK TABLES `ost_filter` WRITE;
/*!40000 ALTER TABLE `ost_filter` DISABLE KEYS */;
INSERT INTO `ost_filter` VALUES (1,99,1,0,0,0,'Email',0,'SYSTEM BAN LIST','Internal list for email banning. Do not remove','2018-12-26 13:26:18','2018-12-26 13:26:18');
/*!40000 ALTER TABLE `ost_filter` ENABLE KEYS */;
UNLOCK TABLES;

--
-- Table structure for table `ost_filter_action`
--

DROP TABLE IF EXISTS `ost_filter_action`;
/*!40101 SET @saved_cs_client     = @@character_set_client */;
/*!40101 SET character_set_client = utf8 */;
CREATE TABLE `ost_filter_action` (
  `id` int(11) unsigned NOT NULL AUTO_INCREMENT,
  `filter_id` int(10) unsigned NOT NULL,
  `sort` int(10) unsigned NOT NULL DEFAULT '0',
  `type` varchar(24) NOT NULL,
  `configuration` text,
  `updated` datetime NOT NULL,
  PRIMARY KEY (`id`),
  KEY `filter_id` (`filter_id`)
) ENGINE=InnoDB AUTO_INCREMENT=2 DEFAULT CHARSET=utf8;
/*!40101 SET character_set_client = @saved_cs_client */;

--
-- Dumping data for table `ost_filter_action`
--

LOCK TABLES `ost_filter_action` WRITE;
/*!40000 ALTER TABLE `ost_filter_action` DISABLE KEYS */;
INSERT INTO `ost_filter_action` VALUES (1,1,1,'reject','[]','2018-12-26 13:26:18');
/*!40000 ALTER TABLE `ost_filter_action` ENABLE KEYS */;
UNLOCK TABLES;

--
-- Table structure for table `ost_filter_rule`
--

DROP TABLE IF EXISTS `ost_filter_rule`;
/*!40101 SET @saved_cs_client     = @@character_set_client */;
/*!40101 SET character_set_client = utf8 */;
CREATE TABLE `ost_filter_rule` (
  `id` int(11) unsigned NOT NULL AUTO_INCREMENT,
  `filter_id` int(10) unsigned NOT NULL DEFAULT '0',
  `what` varchar(32) NOT NULL,
  `how` enum('equal','not_equal','contains','dn_contain','starts','ends','match','not_match') NOT NULL,
  `val` varchar(255) NOT NULL,
  `isactive` tinyint(1) unsigned NOT NULL DEFAULT '1',
  `notes` tinytext NOT NULL,
  `created` datetime NOT NULL,
  `updated` datetime NOT NULL,
  PRIMARY KEY (`id`),
  UNIQUE KEY `filter` (`filter_id`,`what`,`how`,`val`),
  KEY `filter_id` (`filter_id`)
) ENGINE=InnoDB AUTO_INCREMENT=2 DEFAULT CHARSET=utf8;
/*!40101 SET character_set_client = @saved_cs_client */;

--
-- Dumping data for table `ost_filter_rule`
--

LOCK TABLES `ost_filter_rule` WRITE;
/*!40000 ALTER TABLE `ost_filter_rule` DISABLE KEYS */;
INSERT INTO `ost_filter_rule` VALUES (1,1,'email','equal','test@example.com',1,'','2018-12-26 13:26:18','2018-12-26 13:26:18');
/*!40000 ALTER TABLE `ost_filter_rule` ENABLE KEYS */;
UNLOCK TABLES;

--
-- Table structure for table `ost_form`
--

DROP TABLE IF EXISTS `ost_form`;
/*!40101 SET @saved_cs_client     = @@character_set_client */;
/*!40101 SET character_set_client = utf8 */;
CREATE TABLE `ost_form` (
  `id` int(11) unsigned NOT NULL AUTO_INCREMENT,
  `pid` int(10) unsigned DEFAULT NULL,
  `type` varchar(8) NOT NULL DEFAULT 'G',
  `flags` int(10) unsigned NOT NULL DEFAULT '1',
  `title` varchar(255) NOT NULL,
  `instructions` varchar(512) DEFAULT NULL,
  `name` varchar(64) NOT NULL DEFAULT '',
  `notes` text,
  `created` datetime NOT NULL,
  `updated` datetime NOT NULL,
  PRIMARY KEY (`id`)
) ENGINE=InnoDB AUTO_INCREMENT=7 DEFAULT CHARSET=utf8;
/*!40101 SET character_set_client = @saved_cs_client */;

--
-- Dumping data for table `ost_form`
--

LOCK TABLES `ost_form` WRITE;
/*!40000 ALTER TABLE `ost_form` DISABLE KEYS */;
INSERT INTO `ost_form` VALUES (1,NULL,'U',1,'Informacin de contacto',NULL,'',NULL,'2018-12-26 13:26:18','2018-12-28 10:41:00'),(2,NULL,'T',1,'Ticket Details','Please Describe Your Issue','','This form will be attached to every ticket, regardless of its source.\nYou can add any fields to this form and they will be available to all\ntickets, and will be searchable with advanced search and filterable.','2018-12-26 13:26:18','2018-12-26 13:26:18'),(3,NULL,'C',1,'Company Information','Details available in email templates','',NULL,'2018-12-26 13:26:18','2018-12-26 13:26:18'),(4,NULL,'O',1,'Organization Information','Details on user organization','',NULL,'2018-12-26 13:26:18','2018-12-26 13:26:18'),(5,NULL,'A',1,'Task Details','Please Describe The Issue','','This form is used to create a task.','2018-12-26 13:26:18','2018-12-26 13:26:18'),(6,NULL,'L1',1,'Ticket Status Properties','Properties that can be set on a ticket status.','',NULL,'2018-12-26 13:26:18','2018-12-26 13:26:18');
/*!40000 ALTER TABLE `ost_form` ENABLE KEYS */;
UNLOCK TABLES;

--
-- Table structure for table `ost_form_entry`
--

DROP TABLE IF EXISTS `ost_form_entry`;
/*!40101 SET @saved_cs_client     = @@character_set_client */;
/*!40101 SET character_set_client = utf8 */;
CREATE TABLE `ost_form_entry` (
  `id` int(11) unsigned NOT NULL AUTO_INCREMENT,
  `form_id` int(11) unsigned NOT NULL,
  `object_id` int(11) unsigned DEFAULT NULL,
  `object_type` char(1) NOT NULL DEFAULT 'T',
  `sort` int(11) unsigned NOT NULL DEFAULT '1',
  `extra` text,
  `created` datetime NOT NULL,
  `updated` datetime NOT NULL,
  PRIMARY KEY (`id`),
  KEY `entry_lookup` (`object_type`,`object_id`)
) ENGINE=InnoDB AUTO_INCREMENT=5 DEFAULT CHARSET=utf8;
/*!40101 SET character_set_client = @saved_cs_client */;

--
-- Dumping data for table `ost_form_entry`
--

LOCK TABLES `ost_form_entry` WRITE;
/*!40000 ALTER TABLE `ost_form_entry` DISABLE KEYS */;
INSERT INTO `ost_form_entry` VALUES (1,4,1,'O',1,NULL,'2018-12-26 13:26:18','2018-12-26 13:26:18'),(2,3,NULL,'C',1,NULL,'2018-12-26 13:26:20','2018-12-26 13:26:20'),(3,1,1,'U',1,NULL,'2018-12-26 13:26:21','2018-12-26 13:26:21'),(4,2,1,'T',0,'{\"disable\":[]}','2018-12-26 13:26:21','2018-12-26 13:26:21');
/*!40000 ALTER TABLE `ost_form_entry` ENABLE KEYS */;
UNLOCK TABLES;

--
-- Table structure for table `ost_form_entry_values`
--

DROP TABLE IF EXISTS `ost_form_entry_values`;
/*!40101 SET @saved_cs_client     = @@character_set_client */;
/*!40101 SET character_set_client = utf8 */;
CREATE TABLE `ost_form_entry_values` (
  `entry_id` int(11) unsigned NOT NULL,
  `field_id` int(11) unsigned NOT NULL,
  `value` text,
  `value_id` int(11) DEFAULT NULL,
  PRIMARY KEY (`entry_id`,`field_id`)
) ENGINE=InnoDB DEFAULT CHARSET=utf8;
/*!40101 SET character_set_client = @saved_cs_client */;

--
-- Dumping data for table `ost_form_entry_values`
--

LOCK TABLES `ost_form_entry_values` WRITE;
/*!40000 ALTER TABLE `ost_form_entry_values` DISABLE KEYS */;
INSERT INTO `ost_form_entry_values` VALUES (1,28,'420 Desoto Street\nAlexandria, LA 71301',NULL),(1,29,'3182903674',NULL),(1,30,'http://osticket.com',NULL),(1,31,'Not only do we develop the software, we also use it to manage support for osTicket. Let us help you quickly implement and leverage the full potential of osTicket\'s features and functionality. Contact us for professional support or visit our website for documentation and community support.',NULL),(2,23,'admin',NULL),(2,24,NULL,NULL),(2,25,NULL,NULL),(2,26,NULL,NULL),(3,3,NULL,NULL),(3,4,NULL,NULL),(4,20,'osTicket Installed!',NULL),(4,22,'Normal',2);
/*!40000 ALTER TABLE `ost_form_entry_values` ENABLE KEYS */;
UNLOCK TABLES;

--
-- Table structure for table `ost_form_field`
--

DROP TABLE IF EXISTS `ost_form_field`;
/*!40101 SET @saved_cs_client     = @@character_set_client */;
/*!40101 SET character_set_client = utf8 */;
CREATE TABLE `ost_form_field` (
  `id` int(11) unsigned NOT NULL AUTO_INCREMENT,
  `form_id` int(11) unsigned NOT NULL,
  `flags` int(10) unsigned DEFAULT '1',
  `type` varchar(255) NOT NULL DEFAULT 'text',
  `label` varchar(255) NOT NULL,
  `name` varchar(64) NOT NULL,
  `configuration` text,
  `sort` int(11) unsigned NOT NULL,
  `hint` varchar(512) DEFAULT NULL,
  `created` datetime NOT NULL,
  `updated` datetime NOT NULL,
  PRIMARY KEY (`id`)
) ENGINE=InnoDB AUTO_INCREMENT=36 DEFAULT CHARSET=utf8;
/*!40101 SET character_set_client = @saved_cs_client */;

--
-- Dumping data for table `ost_form_field`
--

LOCK TABLES `ost_form_field` WRITE;
/*!40000 ALTER TABLE `ost_form_field` DISABLE KEYS */;
INSERT INTO `ost_form_field` VALUES (1,1,489379,'text','Correo electrnico','email','{\"size\":40,\"length\":64,\"validator\":\"email\"}',1,NULL,'2018-12-26 13:26:18','2018-12-28 10:41:00'),(2,1,489379,'text','Nombre completo','name','{\"size\":40,\"length\":64}',2,NULL,'2018-12-26 13:26:18','2018-12-28 10:41:40'),(3,1,13057,'phone','Nmero de telfono','phone',NULL,3,NULL,'2018-12-26 13:26:18','2018-12-28 10:41:00'),(4,1,12289,'memo','Notas adicionales','notes','{\"rows\":4,\"cols\":40}',4,NULL,'2018-12-26 13:26:18','2018-12-28 10:41:22'),(20,2,489249,'text','Issue Summary','subject','{\"size\":40,\"length\":50}',1,NULL,'2018-12-26 13:26:18','2018-12-26 13:26:18'),(21,2,480547,'thread','Issue Details','message',NULL,2,'Details on the reason(s) for opening the ticket.','2018-12-26 13:26:18','2018-12-26 13:26:18'),(22,2,274609,'priority','Priority Level','priority',NULL,3,NULL,'2018-12-26 13:26:18','2018-12-26 13:26:18'),(23,3,291233,'text','Company Name','name','{\"size\":40,\"length\":64}',1,NULL,'2018-12-26 13:26:18','2018-12-26 13:26:18'),(24,3,12545,'text','Website','website','{\"size\":40,\"length\":64}',2,NULL,'2018-12-26 13:26:18','2018-12-26 13:26:18'),(25,3,12545,'phone','Phone Number','phone','{\"ext\":false}',3,NULL,'2018-12-26 13:26:18','2018-12-26 13:26:18'),(26,3,12545,'memo','Address','address','{\"rows\":2,\"cols\":40,\"html\":false,\"length\":100}',4,NULL,'2018-12-26 13:26:18','2018-12-26 13:26:18'),(27,4,489379,'text','Name','name','{\"size\":40,\"length\":64}',1,NULL,'2018-12-26 13:26:18','2018-12-26 13:26:18'),(28,4,13057,'memo','Address','address','{\"rows\":2,\"cols\":40,\"length\":100,\"html\":false}',2,NULL,'2018-12-26 13:26:18','2018-12-26 13:26:18'),(29,4,13057,'phone','Phone','phone',NULL,3,NULL,'2018-12-26 13:26:18','2018-12-26 13:26:18'),(30,4,13057,'text','Website','website','{\"size\":40,\"length\":0}',4,NULL,'2018-12-26 13:26:18','2018-12-26 13:26:18'),(31,4,12289,'memo','Internal Notes','notes','{\"rows\":4,\"cols\":40}',5,NULL,'2018-12-26 13:26:18','2018-12-26 13:26:18'),(32,5,290977,'text','Title','title','{\"size\":40,\"length\":50}',1,NULL,'2018-12-26 13:26:18','2018-12-26 13:26:18'),(33,5,282867,'thread','Description','description',NULL,2,'Details on the reason(s) for creating the task.','2018-12-26 13:26:18','2018-12-26 13:26:18'),(34,6,487665,'state','State','state','{\"prompt\":\"State of a ticket\"}',1,NULL,'2018-12-26 13:26:18','2018-12-26 13:26:18'),(35,6,471073,'memo','Description','description','{\"rows\":2,\"cols\":40,\"html\":false,\"length\":100}',3,NULL,'2018-12-26 13:26:18','2018-12-26 13:26:18');
/*!40000 ALTER TABLE `ost_form_field` ENABLE KEYS */;
UNLOCK TABLES;

--
-- Table structure for table `ost_group`
--

DROP TABLE IF EXISTS `ost_group`;
/*!40101 SET @saved_cs_client     = @@character_set_client */;
/*!40101 SET character_set_client = utf8 */;
CREATE TABLE `ost_group` (
  `id` int(10) unsigned NOT NULL AUTO_INCREMENT,
  `role_id` int(11) unsigned NOT NULL,
  `flags` int(11) unsigned NOT NULL DEFAULT '1',
  `name` varchar(120) NOT NULL DEFAULT '',
  `notes` text,
  `created` datetime NOT NULL,
  `updated` datetime NOT NULL,
  PRIMARY KEY (`id`),
  KEY `role_id` (`role_id`)
) ENGINE=InnoDB DEFAULT CHARSET=utf8;
/*!40101 SET character_set_client = @saved_cs_client */;

--
-- Dumping data for table `ost_group`
--

LOCK TABLES `ost_group` WRITE;
/*!40000 ALTER TABLE `ost_group` DISABLE KEYS */;
/*!40000 ALTER TABLE `ost_group` ENABLE KEYS */;
UNLOCK TABLES;

--
-- Table structure for table `ost_help_topic`
--

DROP TABLE IF EXISTS `ost_help_topic`;
/*!40101 SET @saved_cs_client     = @@character_set_client */;
/*!40101 SET character_set_client = utf8 */;
CREATE TABLE `ost_help_topic` (
  `topic_id` int(11) unsigned NOT NULL AUTO_INCREMENT,
  `topic_pid` int(10) unsigned NOT NULL DEFAULT '0',
  `isactive` tinyint(1) unsigned NOT NULL DEFAULT '1',
  `ispublic` tinyint(1) unsigned NOT NULL DEFAULT '1',
  `noautoresp` tinyint(3) unsigned NOT NULL DEFAULT '0',
  `flags` int(10) unsigned DEFAULT '0',
  `status_id` int(10) unsigned NOT NULL DEFAULT '0',
  `priority_id` int(10) unsigned NOT NULL DEFAULT '0',
  `dept_id` int(10) unsigned NOT NULL DEFAULT '0',
  `staff_id` int(10) unsigned NOT NULL DEFAULT '0',
  `team_id` int(10) unsigned NOT NULL DEFAULT '0',
  `sla_id` int(10) unsigned NOT NULL DEFAULT '0',
  `page_id` int(10) unsigned NOT NULL DEFAULT '0',
  `sequence_id` int(10) unsigned NOT NULL DEFAULT '0',
  `sort` int(10) unsigned NOT NULL DEFAULT '0',
  `topic` varchar(32) NOT NULL DEFAULT '',
  `number_format` varchar(32) DEFAULT NULL,
  `notes` text,
  `created` datetime NOT NULL,
  `updated` datetime NOT NULL,
  PRIMARY KEY (`topic_id`),
  UNIQUE KEY `topic` (`topic`,`topic_pid`),
  KEY `topic_pid` (`topic_pid`),
  KEY `priority_id` (`priority_id`),
  KEY `dept_id` (`dept_id`),
  KEY `staff_id` (`staff_id`,`team_id`),
  KEY `sla_id` (`sla_id`),
  KEY `page_id` (`page_id`)
) ENGINE=InnoDB AUTO_INCREMENT=12 DEFAULT CHARSET=utf8;
/*!40101 SET character_set_client = @saved_cs_client */;

--
-- Dumping data for table `ost_help_topic`
--

LOCK TABLES `ost_help_topic` WRITE;
/*!40000 ALTER TABLE `ost_help_topic` DISABLE KEYS */;
INSERT INTO `ost_help_topic` VALUES (1,0,1,1,0,0,0,2,0,0,0,0,0,0,1,'General Inquiry',NULL,'Questions about products or services','2018-12-26 13:26:18','2018-12-26 13:26:18'),(2,0,1,1,0,0,0,1,0,0,0,0,0,0,0,'Feedback',NULL,'Tickets that primarily concern the sales and billing departments','2018-12-26 13:26:18','2018-12-26 13:26:18'),(10,0,1,1,0,0,0,2,3,0,0,0,0,0,0,'Report a Problem',NULL,'Product, service, or equipment related issues','2018-12-26 13:26:18','2018-12-26 13:26:18'),(11,10,1,1,0,0,0,3,0,0,0,1,0,0,1,'Access Issue',NULL,'Report an inability access a physical or virtual asset','2018-12-26 13:26:18','2018-12-26 13:26:18');
/*!40000 ALTER TABLE `ost_help_topic` ENABLE KEYS */;
UNLOCK TABLES;

--
-- Table structure for table `ost_help_topic_form`
--

DROP TABLE IF EXISTS `ost_help_topic_form`;
/*!40101 SET @saved_cs_client     = @@character_set_client */;
/*!40101 SET character_set_client = utf8 */;
CREATE TABLE `ost_help_topic_form` (
  `id` int(11) unsigned NOT NULL AUTO_INCREMENT,
  `topic_id` int(11) unsigned NOT NULL DEFAULT '0',
  `form_id` int(10) unsigned NOT NULL DEFAULT '0',
  `sort` int(10) unsigned NOT NULL DEFAULT '1',
  `extra` text,
  PRIMARY KEY (`id`),
  KEY `topic-form` (`topic_id`,`form_id`)
) ENGINE=InnoDB AUTO_INCREMENT=5 DEFAULT CHARSET=utf8;
/*!40101 SET character_set_client = @saved_cs_client */;

--
-- Dumping data for table `ost_help_topic_form`
--

LOCK TABLES `ost_help_topic_form` WRITE;
/*!40000 ALTER TABLE `ost_help_topic_form` DISABLE KEYS */;
INSERT INTO `ost_help_topic_form` VALUES (1,1,2,1,'{\"disable\":[]}'),(2,2,2,1,'{\"disable\":[]}'),(3,10,2,1,'{\"disable\":[]}'),(4,11,2,1,'{\"disable\":[]}');
/*!40000 ALTER TABLE `ost_help_topic_form` ENABLE KEYS */;
UNLOCK TABLES;

--
-- Table structure for table `ost_list`
--

DROP TABLE IF EXISTS `ost_list`;
/*!40101 SET @saved_cs_client     = @@character_set_client */;
/*!40101 SET character_set_client = utf8 */;
CREATE TABLE `ost_list` (
  `id` int(11) unsigned NOT NULL AUTO_INCREMENT,
  `name` varchar(255) NOT NULL,
  `name_plural` varchar(255) DEFAULT NULL,
  `sort_mode` enum('Alpha','-Alpha','SortCol') NOT NULL DEFAULT 'Alpha',
  `masks` int(11) unsigned NOT NULL DEFAULT '0',
  `type` varchar(16) DEFAULT NULL,
  `configuration` text NOT NULL,
  `notes` text,
  `created` datetime NOT NULL,
  `updated` datetime NOT NULL,
  PRIMARY KEY (`id`),
  KEY `type` (`type`)
) ENGINE=InnoDB AUTO_INCREMENT=2 DEFAULT CHARSET=utf8;
/*!40101 SET character_set_client = @saved_cs_client */;

--
-- Dumping data for table `ost_list`
--

LOCK TABLES `ost_list` WRITE;
/*!40000 ALTER TABLE `ost_list` DISABLE KEYS */;
INSERT INTO `ost_list` VALUES (1,'Ticket Status','Ticket Statuses','SortCol',13,'ticket-status','{\"handler\":\"TicketStatusList\"}','Ticket statuses','2018-12-26 13:26:18','2018-12-26 13:26:18');
/*!40000 ALTER TABLE `ost_list` ENABLE KEYS */;
UNLOCK TABLES;

--
-- Table structure for table `ost_list_items`
--

DROP TABLE IF EXISTS `ost_list_items`;
/*!40101 SET @saved_cs_client     = @@character_set_client */;
/*!40101 SET character_set_client = utf8 */;
CREATE TABLE `ost_list_items` (
  `id` int(11) unsigned NOT NULL AUTO_INCREMENT,
  `list_id` int(11) DEFAULT NULL,
  `status` int(11) unsigned NOT NULL DEFAULT '1',
  `value` varchar(255) NOT NULL,
  `extra` varchar(255) DEFAULT NULL,
  `sort` int(11) NOT NULL DEFAULT '1',
  `properties` text,
  PRIMARY KEY (`id`),
  KEY `list_item_lookup` (`list_id`)
) ENGINE=InnoDB DEFAULT CHARSET=utf8;
/*!40101 SET character_set_client = @saved_cs_client */;

--
-- Dumping data for table `ost_list_items`
--

LOCK TABLES `ost_list_items` WRITE;
/*!40000 ALTER TABLE `ost_list_items` DISABLE KEYS */;
/*!40000 ALTER TABLE `ost_list_items` ENABLE KEYS */;
UNLOCK TABLES;

--
-- Table structure for table `ost_lock`
--

DROP TABLE IF EXISTS `ost_lock`;
/*!40101 SET @saved_cs_client     = @@character_set_client */;
/*!40101 SET character_set_client = utf8 */;
CREATE TABLE `ost_lock` (
  `lock_id` int(11) unsigned NOT NULL AUTO_INCREMENT,
  `staff_id` int(10) unsigned NOT NULL DEFAULT '0',
  `expire` datetime DEFAULT NULL,
  `code` varchar(20) DEFAULT NULL,
  `created` datetime NOT NULL,
  PRIMARY KEY (`lock_id`),
  KEY `staff_id` (`staff_id`)
) ENGINE=InnoDB DEFAULT CHARSET=utf8;
/*!40101 SET character_set_client = @saved_cs_client */;

--
-- Dumping data for table `ost_lock`
--

LOCK TABLES `ost_lock` WRITE;
/*!40000 ALTER TABLE `ost_lock` DISABLE KEYS */;
/*!40000 ALTER TABLE `ost_lock` ENABLE KEYS */;
UNLOCK TABLES;

--
-- Table structure for table `ost_note`
--

DROP TABLE IF EXISTS `ost_note`;
/*!40101 SET @saved_cs_client     = @@character_set_client */;
/*!40101 SET character_set_client = utf8 */;
CREATE TABLE `ost_note` (
  `id` int(11) unsigned NOT NULL AUTO_INCREMENT,
  `pid` int(11) unsigned DEFAULT NULL,
  `staff_id` int(11) unsigned NOT NULL DEFAULT '0',
  `ext_id` varchar(10) DEFAULT NULL,
  `body` text,
  `status` int(11) unsigned NOT NULL DEFAULT '0',
  `sort` int(11) unsigned NOT NULL DEFAULT '0',
  `created` timestamp NOT NULL DEFAULT '0000-00-00 00:00:00',
  `updated` timestamp NOT NULL DEFAULT '0000-00-00 00:00:00' ON UPDATE CURRENT_TIMESTAMP,
  PRIMARY KEY (`id`),
  KEY `ext_id` (`ext_id`)
) ENGINE=InnoDB DEFAULT CHARSET=utf8;
/*!40101 SET character_set_client = @saved_cs_client */;

--
-- Dumping data for table `ost_note`
--

LOCK TABLES `ost_note` WRITE;
/*!40000 ALTER TABLE `ost_note` DISABLE KEYS */;
/*!40000 ALTER TABLE `ost_note` ENABLE KEYS */;
UNLOCK TABLES;

--
-- Table structure for table `ost_organization`
--

DROP TABLE IF EXISTS `ost_organization`;
/*!40101 SET @saved_cs_client     = @@character_set_client */;
/*!40101 SET character_set_client = utf8 */;
CREATE TABLE `ost_organization` (
  `id` int(11) unsigned NOT NULL AUTO_INCREMENT,
  `name` varchar(128) NOT NULL DEFAULT '',
  `manager` varchar(16) NOT NULL DEFAULT '',
  `status` int(11) unsigned NOT NULL DEFAULT '0',
  `domain` varchar(256) NOT NULL DEFAULT '',
  `extra` text,
  `created` timestamp NULL DEFAULT NULL,
  `updated` timestamp NULL DEFAULT NULL ON UPDATE CURRENT_TIMESTAMP,
  PRIMARY KEY (`id`)
) ENGINE=InnoDB AUTO_INCREMENT=2 DEFAULT CHARSET=utf8;
/*!40101 SET character_set_client = @saved_cs_client */;

--
-- Dumping data for table `ost_organization`
--

LOCK TABLES `ost_organization` WRITE;
/*!40000 ALTER TABLE `ost_organization` DISABLE KEYS */;
INSERT INTO `ost_organization` VALUES (1,'osTicket','',8,'',NULL,'2018-12-26 19:26:18',NULL);
/*!40000 ALTER TABLE `ost_organization` ENABLE KEYS */;
UNLOCK TABLES;

--
-- Table structure for table `ost_plugin`
--

DROP TABLE IF EXISTS `ost_plugin`;
/*!40101 SET @saved_cs_client     = @@character_set_client */;
/*!40101 SET character_set_client = utf8 */;
CREATE TABLE `ost_plugin` (
  `id` int(11) unsigned NOT NULL AUTO_INCREMENT,
  `name` varchar(30) NOT NULL,
  `install_path` varchar(60) NOT NULL,
  `isphar` tinyint(1) NOT NULL DEFAULT '0',
  `isactive` tinyint(1) NOT NULL DEFAULT '0',
  `version` varchar(64) DEFAULT NULL,
  `installed` datetime NOT NULL,
  PRIMARY KEY (`id`)
) ENGINE=InnoDB DEFAULT CHARSET=utf8;
/*!40101 SET character_set_client = @saved_cs_client */;

--
-- Dumping data for table `ost_plugin`
--

LOCK TABLES `ost_plugin` WRITE;
/*!40000 ALTER TABLE `ost_plugin` DISABLE KEYS */;
/*!40000 ALTER TABLE `ost_plugin` ENABLE KEYS */;
UNLOCK TABLES;

--
-- Table structure for table `ost_queue`
--

DROP TABLE IF EXISTS `ost_queue`;
/*!40101 SET @saved_cs_client     = @@character_set_client */;
/*!40101 SET character_set_client = utf8 */;
CREATE TABLE `ost_queue` (
  `id` int(11) unsigned NOT NULL AUTO_INCREMENT,
  `parent_id` int(11) unsigned NOT NULL DEFAULT '0',
  `flags` int(11) unsigned NOT NULL DEFAULT '0',
  `staff_id` int(11) unsigned NOT NULL DEFAULT '0',
  `sort` int(11) unsigned NOT NULL DEFAULT '0',
  `title` varchar(60) DEFAULT NULL,
  `config` text,
  `created` datetime NOT NULL,
  `updated` datetime NOT NULL,
  PRIMARY KEY (`id`)
) ENGINE=InnoDB DEFAULT CHARSET=utf8;
/*!40101 SET character_set_client = @saved_cs_client */;

--
-- Dumping data for table `ost_queue`
--

LOCK TABLES `ost_queue` WRITE;
/*!40000 ALTER TABLE `ost_queue` DISABLE KEYS */;
/*!40000 ALTER TABLE `ost_queue` ENABLE KEYS */;
UNLOCK TABLES;

--
-- Table structure for table `ost_role`
--

DROP TABLE IF EXISTS `ost_role`;
/*!40101 SET @saved_cs_client     = @@character_set_client */;
/*!40101 SET character_set_client = utf8 */;
CREATE TABLE `ost_role` (
  `id` int(11) unsigned NOT NULL AUTO_INCREMENT,
  `flags` int(10) unsigned NOT NULL DEFAULT '1',
  `name` varchar(64) DEFAULT NULL,
  `permissions` text,
  `notes` text,
  `created` datetime NOT NULL,
  `updated` datetime NOT NULL,
  PRIMARY KEY (`id`),
  UNIQUE KEY `name` (`name`)
) ENGINE=InnoDB AUTO_INCREMENT=5 DEFAULT CHARSET=utf8;
/*!40101 SET character_set_client = @saved_cs_client */;

--
-- Dumping data for table `ost_role`
--

LOCK TABLES `ost_role` WRITE;
/*!40000 ALTER TABLE `ost_role` DISABLE KEYS */;
INSERT INTO `ost_role` VALUES (1,1,'All Access','{\"ticket.create\":1,\"ticket.edit\":1,\"ticket.assign\":1,\"ticket.transfer\":1,\"ticket.reply\":1,\"ticket.close\":1,\"ticket.delete\":1,\"thread.edit\":1,\"task.create\":1,\"task.edit\":1,\"task.assign\":1,\"task.transfer\":1,\"task.reply\":1,\"task.close\":1,\"task.delete\":1,\"canned.manage\":1}','Role with unlimited access','2018-12-26 13:26:18','2018-12-26 13:26:18'),(2,1,'Expanded Access','{\"ticket.create\":1,\"ticket.edit\":1,\"ticket.assign\":1,\"ticket.transfer\":1,\"ticket.reply\":1,\"ticket.close\":1,\"task.create\":1,\"task.edit\":1,\"task.assign\":1,\"task.transfer\":1,\"task.reply\":1,\"task.close\":1,\"canned.manage\":1}','Role with expanded access','2018-12-26 13:26:18','2018-12-26 13:26:18'),(3,1,'Limited Access','{\"ticket.create\":1,\"ticket.assign\":1,\"ticket.transfer\":1,\"task.assign\":1,\"task.transfer\":1,\"task.reply\":1}','Role with limited access','2018-12-26 13:26:18','2018-12-26 13:26:18'),(4,1,'View only',NULL,'Simple role with no permissions','2018-12-26 13:26:18','2018-12-26 13:26:18');
/*!40000 ALTER TABLE `ost_role` ENABLE KEYS */;
UNLOCK TABLES;

--
-- Table structure for table `ost_sequence`
--

DROP TABLE IF EXISTS `ost_sequence`;
/*!40101 SET @saved_cs_client     = @@character_set_client */;
/*!40101 SET character_set_client = utf8 */;
CREATE TABLE `ost_sequence` (
  `id` int(11) unsigned NOT NULL AUTO_INCREMENT,
  `name` varchar(64) DEFAULT NULL,
  `flags` int(10) unsigned DEFAULT NULL,
  `next` bigint(20) unsigned NOT NULL DEFAULT '1',
  `increment` int(11) DEFAULT '1',
  `padding` char(1) DEFAULT '0',
  `updated` datetime NOT NULL,
  PRIMARY KEY (`id`)
) ENGINE=InnoDB AUTO_INCREMENT=3 DEFAULT CHARSET=utf8;
/*!40101 SET character_set_client = @saved_cs_client */;

--
-- Dumping data for table `ost_sequence`
--

LOCK TABLES `ost_sequence` WRITE;
/*!40000 ALTER TABLE `ost_sequence` DISABLE KEYS */;
INSERT INTO `ost_sequence` VALUES (1,'General Tickets',1,1,1,'0','0000-00-00 00:00:00'),(2,'Tasks Sequence',1,1,1,'0','0000-00-00 00:00:00');
/*!40000 ALTER TABLE `ost_sequence` ENABLE KEYS */;
UNLOCK TABLES;

--
-- Table structure for table `ost_session`
--

DROP TABLE IF EXISTS `ost_session`;
/*!40101 SET @saved_cs_client     = @@character_set_client */;
/*!40101 SET character_set_client = utf8 */;
CREATE TABLE `ost_session` (
  `session_id` varchar(255) CHARACTER SET ascii NOT NULL DEFAULT '',
  `session_data` blob,
  `session_expire` datetime DEFAULT NULL,
  `session_updated` datetime DEFAULT NULL,
  `user_id` varchar(16) COLLATE utf8_unicode_ci NOT NULL DEFAULT '0' COMMENT 'osTicket staff/client ID',
  `user_ip` varchar(64) COLLATE utf8_unicode_ci NOT NULL,
  `user_agent` varchar(255) COLLATE utf8_unicode_ci NOT NULL,
  PRIMARY KEY (`session_id`),
  KEY `updated` (`session_updated`),
  KEY `user_id` (`user_id`)
) ENGINE=InnoDB DEFAULT CHARSET=utf8 COLLATE=utf8_unicode_ci;
/*!40101 SET character_set_client = @saved_cs_client */;

--
-- Dumping data for table `ost_session`
--

LOCK TABLES `ost_session` WRITE;
/*!40000 ALTER TABLE `ost_session` DISABLE KEYS */;
INSERT INTO `ost_session` VALUES ('cbu4hde9ap4cguutqfffmpl2f1','csrf|a:2:{s:5:\"token\";s:40:\"40ebda92c0ebc7574daed3b8f1a8f320a18674df\";s:4:\"time\";i:1545865640;}_staff|a:1:{s:4:\"auth\";a:2:{s:4:\"dest\";s:30:\"/osTicket/upload/scp/admin.php\";s:3:\"msg\";s:23:\"Authentication Required\";}}_auth|a:1:{s:5:\"staff\";a:2:{s:2:\"id\";i:1;s:3:\"key\";s:15:\"local:osticket_\";}}:token|a:1:{s:5:\"staff\";s:76:\"7e9f541a1cdcc74595e5c2c84a50723b:1545865636:837ec5754f503cfaaee0929fd48974e7\";}cfg:core|a:1:{s:11:\"db_timezone\";s:15:\"America/Chicago\";}lastcroncall|i:1545865562;','2018-12-27 17:07:20',NULL,'1','::1','Mozilla/5.0 (Windows NT 10.0; Win64; x64) AppleWebKit/537.36 (KHTML, like Gecko) Chrome/71.0.3578.98 Safari/537.36'),('cr8bs7aog02t1gp8nn05qpcbh6','csrf|a:2:{s:5:\"token\";s:40:\"ffe2a432b56d28afe0a3d54ec33e417644cda174\";s:4:\"time\";i:1545943068;}_staff|a:1:{s:4:\"auth\";a:2:{s:4:\"dest\";s:30:\"/osTicket/upload/scp/pages.php\";s:3:\"msg\";s:23:\"Authentication Required\";}}_auth|a:1:{s:5:\"staff\";a:2:{s:2:\"id\";i:1;s:3:\"key\";s:15:\"local:osticket_\";}}:token|a:1:{s:5:\"staff\";s:76:\"94f0c7947139b1d7f55e263aae5e532a:1545942136:837ec5754f503cfaaee0929fd48974e7\";}cfg:core|a:1:{s:11:\"db_timezone\";s:15:\"America/Chicago\";}lastcroncall|i:1545941283;','2018-12-28 14:37:49',NULL,'0','::1','Mozilla/5.0 (Windows NT 10.0; Win64; x64) AppleWebKit/537.36 (KHTML, like Gecko) Chrome/71.0.3578.98 Safari/537.36'),('dviuhs80q7knun4vdoucb6r962','csrf|a:2:{s:5:\"token\";s:40:\"f76fb44e92f364fe16ef4b5d695022462189c894\";s:4:\"time\";i:1545952059;}_staff|a:1:{s:4:\"auth\";a:2:{s:4:\"dest\";s:35:\"/osTicket/upload/scp/helptopics.php\";s:3:\"msg\";s:24:\"Autenticacin Requerida\";}}_auth|a:1:{s:5:\"staff\";a:2:{s:2:\"id\";i:1;s:3:\"key\";s:15:\"local:osticket_\";}}:token|a:1:{s:5:\"staff\";s:76:\"d2d41a9a02ac208bf549b5fe69cc5b9c:1545951261:837ec5754f503cfaaee0929fd48974e7\";}cfg:core|a:1:{s:11:\"db_timezone\";s:15:\"America/Chicago\";}lastcroncall|i:1545951208;','2018-12-28 17:07:39',NULL,'0','::1','Mozilla/5.0 (Windows NT 10.0; Win64; x64) AppleWebKit/537.36 (KHTML, like Gecko) Chrome/71.0.3578.98 Safari/537.36'),('h6u95lcoph0k9hviopsojsdah4','csrf|a:2:{s:5:\"token\";s:40:\"64625c82b721b42d11d28cf8de25887dfa063c7c\";s:4:\"time\";i:1545949451;}_staff|a:1:{s:4:\"auth\";a:2:{s:4:\"dest\";s:35:\"/osTicket/upload/scp/helptopics.php\";s:3:\"msg\";s:24:\"Autenticacin Requerida\";}}_auth|a:1:{s:5:\"staff\";a:2:{s:2:\"id\";i:1;s:3:\"key\";s:15:\"local:osticket_\";}}:token|a:1:{s:5:\"staff\";s:76:\"c926860d3c5d6c4ce97cf3821f7d4198:1545949445:837ec5754f503cfaaee0929fd48974e7\";}cfg:core|a:1:{s:11:\"db_timezone\";s:15:\"America/Chicago\";}lastcroncall|i:1545949447;','2018-12-28 16:24:11',NULL,'1','::1','Mozilla/5.0 (Windows NT 10.0; Win64; x64) AppleWebKit/537.36 (KHTML, like Gecko) Chrome/71.0.3578.98 Safari/537.36'),('j9dqaq38vp275t0n8hirid5h87','csrf|a:2:{s:5:\"token\";s:40:\"75ee9f579faa62198b3e2da76615314cc32c80a3\";s:4:\"time\";i:1545853004;}','2018-12-27 13:36:44',NULL,'0','::1','Mozilla/5.0 (Windows NT 10.0; Win64; x64) AppleWebKit/537.36 (KHTML, like Gecko) Chrome/71.0.3578.98 Safari/537.36'),('jph3tk5s32m608ru84rk4cq6u1','csrf|a:2:{s:5:\"token\";s:40:\"4f44e06e74feacaccbb87620e634958fc44b5cb9\";s:4:\"time\";i:1546020730;}','2018-12-29 12:12:10',NULL,'0','::1','Mozilla/5.0 (Windows NT 10.0; Win64; x64) AppleWebKit/537.36 (KHTML, like Gecko) Chrome/71.0.3578.98 Safari/537.36'),('ulghbkdid151cpedfsu869e935','csrf|N;_staff|a:1:{s:4:\"auth\";a:2:{s:4:\"dest\";s:35:\"/osTicket/upload/scp/helptopics.php\";s:3:\"msg\";s:24:\"Autenticacin Requerida\";}}','2018-12-28 16:53:20',NULL,'0','::1','Mozilla/5.0 (Windows NT 10.0; Win64; x64) AppleWebKit/537.36 (KHTML, like Gecko) Chrome/71.0.3578.98 Safari/537.36'),('vs1krsa5njjabrp2c3v1n87de4','csrf|a:2:{s:5:\"token\";s:40:\"f488a8d93e33cdbd2aa2bc580ac367256b082063\";s:4:\"time\";i:1546016402;}_staff|a:1:{s:4:\"auth\";a:2:{s:4:\"dest\";s:33:\"/osTicket/upload/scp/settings.php\";s:3:\"msg\";s:24:\"Autenticacin Requerida\";}}_auth|a:2:{s:5:\"staff\";a:2:{s:2:\"id\";i:1;s:3:\"key\";s:15:\"local:osticket_\";}s:4:\"user\";N;}:token|a:1:{s:5:\"staff\";s:76:\"7f5a284e5fff82dbbdda245aeb62c6e8:1546016401:837ec5754f503cfaaee0929fd48974e7\";}cfg:core|a:1:{s:11:\"db_timezone\";s:15:\"America/Chicago\";}lastcroncall|i:1546016402;','2018-12-29 11:00:02',NULL,'0','::1','Mozilla/5.0 (Windows NT 10.0; Win64; x64) AppleWebKit/537.36 (KHTML, like Gecko) Chrome/71.0.3578.98 Safari/537.36');
/*!40000 ALTER TABLE `ost_session` ENABLE KEYS */;
UNLOCK TABLES;

--
-- Table structure for table `ost_sla`
--

DROP TABLE IF EXISTS `ost_sla`;
/*!40101 SET @saved_cs_client     = @@character_set_client */;
/*!40101 SET character_set_client = utf8 */;
CREATE TABLE `ost_sla` (
  `id` int(11) unsigned NOT NULL AUTO_INCREMENT,
  `flags` int(10) unsigned NOT NULL DEFAULT '3',
  `grace_period` int(10) unsigned NOT NULL DEFAULT '0',
  `name` varchar(64) NOT NULL DEFAULT '',
  `notes` text,
  `created` datetime NOT NULL,
  `updated` datetime NOT NULL,
  PRIMARY KEY (`id`),
  UNIQUE KEY `name` (`name`)
) ENGINE=InnoDB AUTO_INCREMENT=2 DEFAULT CHARSET=utf8;
/*!40101 SET character_set_client = @saved_cs_client */;

--
-- Dumping data for table `ost_sla`
--

LOCK TABLES `ost_sla` WRITE;
/*!40000 ALTER TABLE `ost_sla` DISABLE KEYS */;
INSERT INTO `ost_sla` VALUES (1,3,48,'Default SLA',NULL,'2018-12-26 13:26:18','2018-12-26 13:26:18');
/*!40000 ALTER TABLE `ost_sla` ENABLE KEYS */;
UNLOCK TABLES;

--
-- Table structure for table `ost_staff`
--

DROP TABLE IF EXISTS `ost_staff`;
/*!40101 SET @saved_cs_client     = @@character_set_client */;
/*!40101 SET character_set_client = utf8 */;
CREATE TABLE `ost_staff` (
  `staff_id` int(11) unsigned NOT NULL AUTO_INCREMENT,
  `dept_id` int(10) unsigned NOT NULL DEFAULT '0',
  `role_id` int(10) unsigned NOT NULL DEFAULT '0',
  `username` varchar(32) NOT NULL DEFAULT '',
  `firstname` varchar(32) DEFAULT NULL,
  `lastname` varchar(32) DEFAULT NULL,
  `passwd` varchar(128) DEFAULT NULL,
  `backend` varchar(32) DEFAULT NULL,
  `email` varchar(128) DEFAULT NULL,
  `phone` varchar(24) NOT NULL DEFAULT '',
  `phone_ext` varchar(6) DEFAULT NULL,
  `mobile` varchar(24) NOT NULL DEFAULT '',
  `signature` text NOT NULL,
  `lang` varchar(16) DEFAULT NULL,
  `timezone` varchar(64) DEFAULT NULL,
  `locale` varchar(16) DEFAULT NULL,
  `notes` text,
  `isactive` tinyint(1) NOT NULL DEFAULT '1',
  `isadmin` tinyint(1) NOT NULL DEFAULT '0',
  `isvisible` tinyint(1) unsigned NOT NULL DEFAULT '1',
  `onvacation` tinyint(1) unsigned NOT NULL DEFAULT '0',
  `assigned_only` tinyint(1) unsigned NOT NULL DEFAULT '0',
  `show_assigned_tickets` tinyint(1) unsigned NOT NULL DEFAULT '0',
  `change_passwd` tinyint(1) unsigned NOT NULL DEFAULT '0',
  `max_page_size` int(11) unsigned NOT NULL DEFAULT '0',
  `auto_refresh_rate` int(10) unsigned NOT NULL DEFAULT '0',
  `default_signature_type` enum('none','mine','dept') NOT NULL DEFAULT 'none',
  `default_paper_size` enum('Letter','Legal','Ledger','A4','A3') NOT NULL DEFAULT 'Letter',
  `extra` text,
  `permissions` text,
  `created` datetime NOT NULL,
  `lastlogin` datetime DEFAULT NULL,
  `passwdreset` datetime DEFAULT NULL,
  `updated` datetime NOT NULL,
  PRIMARY KEY (`staff_id`),
  UNIQUE KEY `username` (`username`),
  KEY `dept_id` (`dept_id`),
  KEY `issuperuser` (`isadmin`)
) ENGINE=InnoDB AUTO_INCREMENT=2 DEFAULT CHARSET=utf8;
/*!40101 SET character_set_client = @saved_cs_client */;

--
-- Dumping data for table `ost_staff`
--

LOCK TABLES `ost_staff` WRITE;
/*!40000 ALTER TABLE `ost_staff` DISABLE KEYS */;
INSERT INTO `ost_staff` VALUES (1,1,1,'osticket_','Alejandra','Quiroz','$2a$08$NYtky.PIYHuCIudSOtAr4Oll1F1UPFR5QF6HuMMY8eTs.qBd2vlCW',NULL,'ale_jandra_098@hotmail.com','',NULL,'','',NULL,NULL,NULL,NULL,1,1,1,0,0,0,0,25,0,'none','Letter','{\"browser_lang\":\"es_ES\"}','{\"user.create\":1,\"user.edit\":1,\"user.delete\":1,\"user.manage\":1,\"user.dir\":1,\"org.create\":1,\"org.edit\":1,\"org.delete\":1,\"faq.manage\":1,\"emails.banlist\":1}','2018-12-26 13:26:20','2018-12-28 10:35:28','2018-12-26 13:26:20','2018-12-28 10:35:28');
/*!40000 ALTER TABLE `ost_staff` ENABLE KEYS */;
UNLOCK TABLES;

--
-- Table structure for table `ost_staff_dept_access`
--

DROP TABLE IF EXISTS `ost_staff_dept_access`;
/*!40101 SET @saved_cs_client     = @@character_set_client */;
/*!40101 SET character_set_client = utf8 */;
CREATE TABLE `ost_staff_dept_access` (
  `staff_id` int(10) unsigned NOT NULL DEFAULT '0',
  `dept_id` int(10) unsigned NOT NULL DEFAULT '0',
  `role_id` int(10) unsigned NOT NULL DEFAULT '0',
  `flags` int(10) unsigned NOT NULL DEFAULT '1',
  PRIMARY KEY (`staff_id`,`dept_id`),
  KEY `dept_id` (`dept_id`)
) ENGINE=InnoDB DEFAULT CHARSET=utf8;
/*!40101 SET character_set_client = @saved_cs_client */;

--
-- Dumping data for table `ost_staff_dept_access`
--

LOCK TABLES `ost_staff_dept_access` WRITE;
/*!40000 ALTER TABLE `ost_staff_dept_access` DISABLE KEYS */;
/*!40000 ALTER TABLE `ost_staff_dept_access` ENABLE KEYS */;
UNLOCK TABLES;

--
-- Table structure for table `ost_syslog`
--

DROP TABLE IF EXISTS `ost_syslog`;
/*!40101 SET @saved_cs_client     = @@character_set_client */;
/*!40101 SET character_set_client = utf8 */;
CREATE TABLE `ost_syslog` (
  `log_id` int(11) unsigned NOT NULL AUTO_INCREMENT,
  `log_type` enum('Debug','Warning','Error') NOT NULL,
  `title` varchar(255) NOT NULL,
  `log` text NOT NULL,
  `logger` varchar(64) NOT NULL,
  `ip_address` varchar(64) NOT NULL,
  `created` datetime NOT NULL,
  `updated` datetime NOT NULL,
  PRIMARY KEY (`log_id`),
  KEY `log_type` (`log_type`)
) ENGINE=InnoDB AUTO_INCREMENT=2 DEFAULT CHARSET=utf8;
/*!40101 SET character_set_client = @saved_cs_client */;

--
-- Dumping data for table `ost_syslog`
--

LOCK TABLES `ost_syslog` WRITE;
/*!40000 ALTER TABLE `ost_syslog` DISABLE KEYS */;
INSERT INTO `ost_syslog` VALUES (1,'Debug','osTicket installed!','Congratulations osTicket basic installation completed!\n\nThank you for choosing osTicket!','','::1','2018-12-26 13:26:21','2018-12-26 13:26:21');
/*!40000 ALTER TABLE `ost_syslog` ENABLE KEYS */;
UNLOCK TABLES;

--
-- Table structure for table `ost_task`
--

DROP TABLE IF EXISTS `ost_task`;
/*!40101 SET @saved_cs_client     = @@character_set_client */;
/*!40101 SET character_set_client = utf8 */;
CREATE TABLE `ost_task` (
  `id` int(11) unsigned NOT NULL AUTO_INCREMENT,
  `object_id` int(11) NOT NULL DEFAULT '0',
  `object_type` char(1) NOT NULL,
  `number` varchar(20) DEFAULT NULL,
  `dept_id` int(10) unsigned NOT NULL DEFAULT '0',
  `staff_id` int(10) unsigned NOT NULL DEFAULT '0',
  `team_id` int(10) unsigned NOT NULL DEFAULT '0',
  `lock_id` int(11) unsigned NOT NULL DEFAULT '0',
  `flags` int(10) unsigned NOT NULL DEFAULT '0',
  `duedate` datetime DEFAULT NULL,
  `closed` datetime DEFAULT NULL,
  `created` datetime NOT NULL,
  `updated` datetime NOT NULL,
  PRIMARY KEY (`id`),
  KEY `dept_id` (`dept_id`),
  KEY `staff_id` (`staff_id`),
  KEY `team_id` (`team_id`),
  KEY `created` (`created`),
  KEY `object` (`object_id`,`object_type`)
) ENGINE=InnoDB DEFAULT CHARSET=utf8;
/*!40101 SET character_set_client = @saved_cs_client */;

--
-- Dumping data for table `ost_task`
--

LOCK TABLES `ost_task` WRITE;
/*!40000 ALTER TABLE `ost_task` DISABLE KEYS */;
/*!40000 ALTER TABLE `ost_task` ENABLE KEYS */;
UNLOCK TABLES;

--
-- Table structure for table `ost_team`
--

DROP TABLE IF EXISTS `ost_team`;
/*!40101 SET @saved_cs_client     = @@character_set_client */;
/*!40101 SET character_set_client = utf8 */;
CREATE TABLE `ost_team` (
  `team_id` int(10) unsigned NOT NULL AUTO_INCREMENT,
  `lead_id` int(10) unsigned NOT NULL DEFAULT '0',
  `flags` int(10) unsigned NOT NULL DEFAULT '1',
  `name` varchar(125) NOT NULL DEFAULT '',
  `notes` text,
  `created` datetime NOT NULL,
  `updated` datetime NOT NULL,
  PRIMARY KEY (`team_id`),
  UNIQUE KEY `name` (`name`),
  KEY `lead_id` (`lead_id`)
) ENGINE=InnoDB AUTO_INCREMENT=2 DEFAULT CHARSET=utf8;
/*!40101 SET character_set_client = @saved_cs_client */;

--
-- Dumping data for table `ost_team`
--

LOCK TABLES `ost_team` WRITE;
/*!40000 ALTER TABLE `ost_team` DISABLE KEYS */;
INSERT INTO `ost_team` VALUES (1,0,1,'Level I Support','Tier 1 support, responsible for the initial iteraction with customers','2018-12-26 13:26:18','2018-12-26 13:26:18');
/*!40000 ALTER TABLE `ost_team` ENABLE KEYS */;
UNLOCK TABLES;

--
-- Table structure for table `ost_team_member`
--

DROP TABLE IF EXISTS `ost_team_member`;
/*!40101 SET @saved_cs_client     = @@character_set_client */;
/*!40101 SET character_set_client = utf8 */;
CREATE TABLE `ost_team_member` (
  `team_id` int(10) unsigned NOT NULL DEFAULT '0',
  `staff_id` int(10) unsigned NOT NULL,
  `flags` int(10) unsigned NOT NULL DEFAULT '0',
  PRIMARY KEY (`team_id`,`staff_id`)
) ENGINE=InnoDB DEFAULT CHARSET=utf8;
/*!40101 SET character_set_client = @saved_cs_client */;

--
-- Dumping data for table `ost_team_member`
--

LOCK TABLES `ost_team_member` WRITE;
/*!40000 ALTER TABLE `ost_team_member` DISABLE KEYS */;
/*!40000 ALTER TABLE `ost_team_member` ENABLE KEYS */;
UNLOCK TABLES;

--
-- Table structure for table `ost_thread`
--

DROP TABLE IF EXISTS `ost_thread`;
/*!40101 SET @saved_cs_client     = @@character_set_client */;
/*!40101 SET character_set_client = utf8 */;
CREATE TABLE `ost_thread` (
  `id` int(11) unsigned NOT NULL AUTO_INCREMENT,
  `object_id` int(11) unsigned NOT NULL,
  `object_type` char(1) NOT NULL,
  `extra` text,
  `lastresponse` datetime DEFAULT NULL,
  `lastmessage` datetime DEFAULT NULL,
  `created` datetime NOT NULL,
  PRIMARY KEY (`id`),
  KEY `object_id` (`object_id`),
  KEY `object_type` (`object_type`)
) ENGINE=InnoDB AUTO_INCREMENT=2 DEFAULT CHARSET=utf8;
/*!40101 SET character_set_client = @saved_cs_client */;

--
-- Dumping data for table `ost_thread`
--

LOCK TABLES `ost_thread` WRITE;
/*!40000 ALTER TABLE `ost_thread` DISABLE KEYS */;
INSERT INTO `ost_thread` VALUES (1,1,'T',NULL,NULL,'2018-12-26 13:26:21','2018-12-26 13:26:21');
/*!40000 ALTER TABLE `ost_thread` ENABLE KEYS */;
UNLOCK TABLES;

--
-- Table structure for table `ost_thread_collaborator`
--

DROP TABLE IF EXISTS `ost_thread_collaborator`;
/*!40101 SET @saved_cs_client     = @@character_set_client */;
/*!40101 SET character_set_client = utf8 */;
CREATE TABLE `ost_thread_collaborator` (
  `id` int(11) unsigned NOT NULL AUTO_INCREMENT,
  `isactive` tinyint(1) NOT NULL DEFAULT '1',
  `thread_id` int(11) unsigned NOT NULL DEFAULT '0',
  `user_id` int(11) unsigned NOT NULL DEFAULT '0',
  `role` char(1) NOT NULL DEFAULT 'M',
  `created` datetime NOT NULL,
  `updated` datetime NOT NULL,
  PRIMARY KEY (`id`),
  UNIQUE KEY `collab` (`thread_id`,`user_id`),
  KEY `user_id` (`user_id`)
) ENGINE=InnoDB DEFAULT CHARSET=utf8;
/*!40101 SET character_set_client = @saved_cs_client */;

--
-- Dumping data for table `ost_thread_collaborator`
--

LOCK TABLES `ost_thread_collaborator` WRITE;
/*!40000 ALTER TABLE `ost_thread_collaborator` DISABLE KEYS */;
/*!40000 ALTER TABLE `ost_thread_collaborator` ENABLE KEYS */;
UNLOCK TABLES;

--
-- Table structure for table `ost_thread_entry`
--

DROP TABLE IF EXISTS `ost_thread_entry`;
/*!40101 SET @saved_cs_client     = @@character_set_client */;
/*!40101 SET character_set_client = utf8 */;
CREATE TABLE `ost_thread_entry` (
  `id` int(11) unsigned NOT NULL AUTO_INCREMENT,
  `pid` int(11) unsigned NOT NULL DEFAULT '0',
  `thread_id` int(11) unsigned NOT NULL DEFAULT '0',
  `staff_id` int(11) unsigned NOT NULL DEFAULT '0',
  `user_id` int(11) unsigned NOT NULL DEFAULT '0',
  `type` char(1) NOT NULL DEFAULT '',
  `flags` int(11) unsigned NOT NULL DEFAULT '0',
  `poster` varchar(128) NOT NULL DEFAULT '',
  `editor` int(10) unsigned DEFAULT NULL,
  `editor_type` char(1) DEFAULT NULL,
  `source` varchar(32) NOT NULL DEFAULT '',
  `title` varchar(255) DEFAULT NULL,
  `body` text NOT NULL,
  `format` varchar(16) NOT NULL DEFAULT 'html',
  `ip_address` varchar(64) NOT NULL DEFAULT '',
  `created` datetime NOT NULL,
  `updated` datetime NOT NULL,
  PRIMARY KEY (`id`),
  KEY `pid` (`pid`),
  KEY `thread_id` (`thread_id`),
  KEY `staff_id` (`staff_id`),
  KEY `type` (`type`)
) ENGINE=InnoDB AUTO_INCREMENT=2 DEFAULT CHARSET=utf8;
/*!40101 SET character_set_client = @saved_cs_client */;

--
-- Dumping data for table `ost_thread_entry`
--

LOCK TABLES `ost_thread_entry` WRITE;
/*!40000 ALTER TABLE `ost_thread_entry` DISABLE KEYS */;
INSERT INTO `ost_thread_entry` VALUES (1,0,1,0,1,'M',65,'osTicket Support',NULL,NULL,'Web','osTicket Installed!',' <p> Thank you for choosing osTicket. </p> <p> Please make sure you join the <a href=\"http://osticket.com/forums\">osTicket forums</a> and our <a href=\"http://osticket.com/updates\">mailing list</a> to stay up to date on the latest news, security alerts and updates. The osTicket forums are also a great place to get assistance, guidance, tips, and help from other osTicket users. In addition to the forums, the osTicket wiki provides a useful collection of educational materials, documentation, and notes from the community. We welcome your contributions to the osTicket community. </p> <p> If you are looking for a greater level of support, we provide professional services and commercial support with guaranteed response times, and access to the core development team. We can also help customize osTicket or even add new features to the system to meet your unique needs. </p> <p> If the idea of managing and upgrading this osTicket installation is daunting, you can try osTicket as a hosted service at <a href=\"http://www.supportsystem.com\">http://www.supportsystem.com/</a> -- no installation required and we can import your data! With SupportSystem\'s turnkey infrastructure, you get osTicket at its best, leaving you free to focus on your customers without the burden of making sure the application is stable, maintained, and secure. </p> <p> Cheers, </p> <p> -<br /> osTicket Team http://osticket.com/ </p> <p> <strong>PS.</strong> Don\'t just make customers happy, make happy customers! </p> ','html','::1','2018-12-26 13:26:21','0000-00-00 00:00:00');
/*!40000 ALTER TABLE `ost_thread_entry` ENABLE KEYS */;
UNLOCK TABLES;

--
-- Table structure for table `ost_thread_entry_email`
--

DROP TABLE IF EXISTS `ost_thread_entry_email`;
/*!40101 SET @saved_cs_client     = @@character_set_client */;
/*!40101 SET character_set_client = utf8 */;
CREATE TABLE `ost_thread_entry_email` (
  `id` int(11) unsigned NOT NULL AUTO_INCREMENT,
  `thread_entry_id` int(11) unsigned NOT NULL,
  `mid` varchar(255) NOT NULL,
  `headers` text,
  PRIMARY KEY (`id`),
  KEY `thread_entry_id` (`thread_entry_id`),
  KEY `mid` (`mid`)
) ENGINE=InnoDB DEFAULT CHARSET=utf8;
/*!40101 SET character_set_client = @saved_cs_client */;

--
-- Dumping data for table `ost_thread_entry_email`
--

LOCK TABLES `ost_thread_entry_email` WRITE;
/*!40000 ALTER TABLE `ost_thread_entry_email` DISABLE KEYS */;
/*!40000 ALTER TABLE `ost_thread_entry_email` ENABLE KEYS */;
UNLOCK TABLES;

--
-- Table structure for table `ost_thread_event`
--

DROP TABLE IF EXISTS `ost_thread_event`;
/*!40101 SET @saved_cs_client     = @@character_set_client */;
/*!40101 SET character_set_client = utf8 */;
CREATE TABLE `ost_thread_event` (
  `id` int(10) unsigned NOT NULL AUTO_INCREMENT,
  `thread_id` int(11) unsigned NOT NULL DEFAULT '0',
  `staff_id` int(11) unsigned NOT NULL,
  `team_id` int(11) unsigned NOT NULL,
  `dept_id` int(11) unsigned NOT NULL,
  `topic_id` int(11) unsigned NOT NULL,
  `state` enum('created','closed','reopened','assigned','transferred','overdue','edited','viewed','error','collab','resent') NOT NULL,
  `data` varchar(1024) DEFAULT NULL COMMENT 'Encoded differences',
  `username` varchar(128) NOT NULL DEFAULT 'SYSTEM',
  `uid` int(11) unsigned DEFAULT NULL,
  `uid_type` char(1) NOT NULL DEFAULT 'S',
  `annulled` tinyint(1) unsigned NOT NULL DEFAULT '0',
  `timestamp` datetime NOT NULL,
  PRIMARY KEY (`id`),
  KEY `ticket_state` (`thread_id`,`state`,`timestamp`),
  KEY `ticket_stats` (`timestamp`,`state`)
) ENGINE=InnoDB AUTO_INCREMENT=2 DEFAULT CHARSET=utf8;
/*!40101 SET character_set_client = @saved_cs_client */;

--
-- Dumping data for table `ost_thread_event`
--

LOCK TABLES `ost_thread_event` WRITE;
/*!40000 ALTER TABLE `ost_thread_event` DISABLE KEYS */;
INSERT INTO `ost_thread_event` VALUES (1,1,0,0,1,1,'created',NULL,'SYSTEM',1,'U',0,'2018-12-26 13:26:21');
/*!40000 ALTER TABLE `ost_thread_event` ENABLE KEYS */;
UNLOCK TABLES;

--
-- Table structure for table `ost_ticket`
--

DROP TABLE IF EXISTS `ost_ticket`;
/*!40101 SET @saved_cs_client     = @@character_set_client */;
/*!40101 SET character_set_client = utf8 */;
CREATE TABLE `ost_ticket` (
  `ticket_id` int(11) unsigned NOT NULL AUTO_INCREMENT,
  `number` varchar(20) DEFAULT NULL,
  `user_id` int(11) unsigned NOT NULL DEFAULT '0',
  `user_email_id` int(11) unsigned NOT NULL DEFAULT '0',
  `status_id` int(10) unsigned NOT NULL DEFAULT '0',
  `dept_id` int(10) unsigned NOT NULL DEFAULT '0',
  `sla_id` int(10) unsigned NOT NULL DEFAULT '0',
  `topic_id` int(10) unsigned NOT NULL DEFAULT '0',
  `staff_id` int(10) unsigned NOT NULL DEFAULT '0',
  `team_id` int(10) unsigned NOT NULL DEFAULT '0',
  `email_id` int(11) unsigned NOT NULL DEFAULT '0',
  `lock_id` int(11) unsigned NOT NULL DEFAULT '0',
  `flags` int(10) unsigned NOT NULL DEFAULT '0',
  `ip_address` varchar(64) NOT NULL DEFAULT '',
  `source` enum('Web','Email','Phone','API','Other') NOT NULL DEFAULT 'Other',
  `source_extra` varchar(40) DEFAULT NULL,
  `isoverdue` tinyint(1) unsigned NOT NULL DEFAULT '0',
  `isanswered` tinyint(1) unsigned NOT NULL DEFAULT '0',
  `duedate` datetime DEFAULT NULL,
  `est_duedate` datetime DEFAULT NULL,
  `reopened` datetime DEFAULT NULL,
  `closed` datetime DEFAULT NULL,
  `lastupdate` datetime DEFAULT NULL,
  `created` datetime NOT NULL,
  `updated` datetime NOT NULL,
  PRIMARY KEY (`ticket_id`),
  KEY `user_id` (`user_id`),
  KEY `dept_id` (`dept_id`),
  KEY `staff_id` (`staff_id`),
  KEY `team_id` (`team_id`),
  KEY `status_id` (`status_id`),
  KEY `created` (`created`),
  KEY `closed` (`closed`),
  KEY `duedate` (`duedate`),
  KEY `topic_id` (`topic_id`),
  KEY `sla_id` (`sla_id`)
) ENGINE=InnoDB AUTO_INCREMENT=2 DEFAULT CHARSET=utf8;
/*!40101 SET character_set_client = @saved_cs_client */;

--
-- Dumping data for table `ost_ticket`
--

LOCK TABLES `ost_ticket` WRITE;
/*!40000 ALTER TABLE `ost_ticket` DISABLE KEYS */;
INSERT INTO `ost_ticket` VALUES (1,'767113',1,0,1,1,1,1,0,0,0,0,0,'::1','Web',NULL,0,0,NULL,'2018-12-28 13:26:21',NULL,NULL,'2018-12-26 13:26:21','2018-12-26 13:26:21','2018-12-26 13:26:21');
/*!40000 ALTER TABLE `ost_ticket` ENABLE KEYS */;
UNLOCK TABLES;

--
-- Table structure for table `ost_ticket_priority`
--

DROP TABLE IF EXISTS `ost_ticket_priority`;
/*!40101 SET @saved_cs_client     = @@character_set_client */;
/*!40101 SET character_set_client = utf8 */;
CREATE TABLE `ost_ticket_priority` (
  `priority_id` tinyint(4) NOT NULL AUTO_INCREMENT,
  `priority` varchar(60) NOT NULL DEFAULT '',
  `priority_desc` varchar(30) NOT NULL DEFAULT '',
  `priority_color` varchar(7) NOT NULL DEFAULT '',
  `priority_urgency` tinyint(1) unsigned NOT NULL DEFAULT '0',
  `ispublic` tinyint(1) NOT NULL DEFAULT '1',
  PRIMARY KEY (`priority_id`),
  UNIQUE KEY `priority` (`priority`),
  KEY `priority_urgency` (`priority_urgency`),
  KEY `ispublic` (`ispublic`)
) ENGINE=InnoDB AUTO_INCREMENT=5 DEFAULT CHARSET=utf8;
/*!40101 SET character_set_client = @saved_cs_client */;

--
-- Dumping data for table `ost_ticket_priority`
--

LOCK TABLES `ost_ticket_priority` WRITE;
/*!40000 ALTER TABLE `ost_ticket_priority` DISABLE KEYS */;
INSERT INTO `ost_ticket_priority` VALUES (1,'low','Low','#DDFFDD',4,1),(2,'normal','Normal','#FFFFF0',3,1),(3,'high','High','#FEE7E7',2,1),(4,'emergency','Emergency','#FEE7E7',1,1);
/*!40000 ALTER TABLE `ost_ticket_priority` ENABLE KEYS */;
UNLOCK TABLES;

--
-- Table structure for table `ost_ticket_status`
--

DROP TABLE IF EXISTS `ost_ticket_status`;
/*!40101 SET @saved_cs_client     = @@character_set_client */;
/*!40101 SET character_set_client = utf8 */;
CREATE TABLE `ost_ticket_status` (
  `id` int(11) NOT NULL AUTO_INCREMENT,
  `name` varchar(60) NOT NULL DEFAULT '',
  `state` varchar(16) DEFAULT NULL,
  `mode` int(11) unsigned NOT NULL DEFAULT '0',
  `flags` int(11) unsigned NOT NULL DEFAULT '0',
  `sort` int(11) unsigned NOT NULL DEFAULT '0',
  `properties` text NOT NULL,
  `created` datetime NOT NULL,
  `updated` datetime NOT NULL,
  PRIMARY KEY (`id`),
  UNIQUE KEY `name` (`name`),
  KEY `state` (`state`)
) ENGINE=InnoDB AUTO_INCREMENT=6 DEFAULT CHARSET=utf8;
/*!40101 SET character_set_client = @saved_cs_client */;

--
-- Dumping data for table `ost_ticket_status`
--

LOCK TABLES `ost_ticket_status` WRITE;
/*!40000 ALTER TABLE `ost_ticket_status` DISABLE KEYS */;
INSERT INTO `ost_ticket_status` VALUES (1,'Open','open',3,0,1,'{\"description\":\"Open tickets.\"}','2018-12-26 13:26:18','0000-00-00 00:00:00'),(2,'Resolved','closed',1,0,2,'{\"allowreopen\":true,\"reopenstatus\":0,\"description\":\"Resolved tickets\"}','2018-12-26 13:26:18','0000-00-00 00:00:00'),(3,'Closed','closed',3,0,3,'{\"allowreopen\":true,\"reopenstatus\":0,\"description\":\"Closed tickets. Tickets will still be accessible on client and staff panels.\"}','2018-12-26 13:26:18','0000-00-00 00:00:00'),(4,'Archived','archived',3,0,4,'{\"description\":\"Tickets only adminstratively available but no longer accessible on ticket queues and client panel.\"}','2018-12-26 13:26:18','0000-00-00 00:00:00'),(5,'Deleted','deleted',3,0,5,'{\"description\":\"Tickets queued for deletion. Not accessible on ticket queues.\"}','2018-12-26 13:26:18','0000-00-00 00:00:00');
/*!40000 ALTER TABLE `ost_ticket_status` ENABLE KEYS */;
UNLOCK TABLES;

--
-- Table structure for table `ost_translation`
--

DROP TABLE IF EXISTS `ost_translation`;
/*!40101 SET @saved_cs_client     = @@character_set_client */;
/*!40101 SET character_set_client = utf8 */;
CREATE TABLE `ost_translation` (
  `id` int(11) unsigned NOT NULL AUTO_INCREMENT,
  `object_hash` char(16) CHARACTER SET ascii DEFAULT NULL,
  `type` enum('phrase','article','override') DEFAULT NULL,
  `flags` int(10) unsigned NOT NULL DEFAULT '0',
  `revision` int(11) unsigned DEFAULT NULL,
  `agent_id` int(10) unsigned NOT NULL DEFAULT '0',
  `lang` varchar(16) NOT NULL DEFAULT '',
  `text` mediumtext NOT NULL,
  `source_text` text,
  `updated` timestamp NULL DEFAULT NULL ON UPDATE CURRENT_TIMESTAMP,
  PRIMARY KEY (`id`),
  KEY `type` (`type`,`lang`),
  KEY `object_hash` (`object_hash`)
) ENGINE=InnoDB DEFAULT CHARSET=utf8;
/*!40101 SET character_set_client = @saved_cs_client */;

--
-- Dumping data for table `ost_translation`
--

LOCK TABLES `ost_translation` WRITE;
/*!40000 ALTER TABLE `ost_translation` DISABLE KEYS */;
/*!40000 ALTER TABLE `ost_translation` ENABLE KEYS */;
UNLOCK TABLES;

--
-- Table structure for table `ost_user`
--

DROP TABLE IF EXISTS `ost_user`;
/*!40101 SET @saved_cs_client     = @@character_set_client */;
/*!40101 SET character_set_client = utf8 */;
CREATE TABLE `ost_user` (
  `id` int(10) unsigned NOT NULL AUTO_INCREMENT,
  `org_id` int(10) unsigned NOT NULL,
  `default_email_id` int(10) NOT NULL,
  `status` int(11) unsigned NOT NULL DEFAULT '0',
  `name` varchar(128) NOT NULL,
  `created` datetime NOT NULL,
  `updated` datetime NOT NULL,
  PRIMARY KEY (`id`),
  KEY `org_id` (`org_id`)
) ENGINE=InnoDB AUTO_INCREMENT=2 DEFAULT CHARSET=utf8;
/*!40101 SET character_set_client = @saved_cs_client */;

--
-- Dumping data for table `ost_user`
--

LOCK TABLES `ost_user` WRITE;
/*!40000 ALTER TABLE `ost_user` DISABLE KEYS */;
INSERT INTO `ost_user` VALUES (1,1,1,0,'osTicket Support','2018-12-26 13:26:20','2018-12-26 13:26:21');
/*!40000 ALTER TABLE `ost_user` ENABLE KEYS */;
UNLOCK TABLES;

--
-- Table structure for table `ost_user_account`
--

DROP TABLE IF EXISTS `ost_user_account`;
/*!40101 SET @saved_cs_client     = @@character_set_client */;
/*!40101 SET character_set_client = utf8 */;
CREATE TABLE `ost_user_account` (
  `id` int(11) unsigned NOT NULL AUTO_INCREMENT,
  `user_id` int(10) unsigned NOT NULL,
  `status` int(11) unsigned NOT NULL DEFAULT '0',
  `timezone` varchar(64) DEFAULT NULL,
  `lang` varchar(16) DEFAULT NULL,
  `username` varchar(64) DEFAULT NULL,
  `passwd` varchar(128) CHARACTER SET ascii COLLATE ascii_bin DEFAULT NULL,
  `backend` varchar(32) DEFAULT NULL,
  `extra` text,
  `registered` timestamp NULL DEFAULT CURRENT_TIMESTAMP,
  PRIMARY KEY (`id`),
  UNIQUE KEY `username` (`username`),
  KEY `user_id` (`user_id`)
) ENGINE=InnoDB DEFAULT CHARSET=utf8;
/*!40101 SET character_set_client = @saved_cs_client */;

--
-- Dumping data for table `ost_user_account`
--

LOCK TABLES `ost_user_account` WRITE;
/*!40000 ALTER TABLE `ost_user_account` DISABLE KEYS */;
/*!40000 ALTER TABLE `ost_user_account` ENABLE KEYS */;
UNLOCK TABLES;

--
-- Table structure for table `ost_user_email`
--

DROP TABLE IF EXISTS `ost_user_email`;
/*!40101 SET @saved_cs_client     = @@character_set_client */;
/*!40101 SET character_set_client = utf8 */;
CREATE TABLE `ost_user_email` (
  `id` int(10) unsigned NOT NULL AUTO_INCREMENT,
  `user_id` int(10) unsigned NOT NULL,
  `flags` int(10) unsigned NOT NULL DEFAULT '0',
  `address` varchar(128) NOT NULL,
  PRIMARY KEY (`id`),
  UNIQUE KEY `address` (`address`),
  KEY `user_email_lookup` (`user_id`)
) ENGINE=InnoDB AUTO_INCREMENT=2 DEFAULT CHARSET=utf8;
/*!40101 SET character_set_client = @saved_cs_client */;

--
-- Dumping data for table `ost_user_email`
--

LOCK TABLES `ost_user_email` WRITE;
/*!40000 ALTER TABLE `ost_user_email` DISABLE KEYS */;
INSERT INTO `ost_user_email` VALUES (1,1,0,'support@osticket.com');
/*!40000 ALTER TABLE `ost_user_email` ENABLE KEYS */;
UNLOCK TABLES;
/*!40103 SET TIME_ZONE=@OLD_TIME_ZONE */;

/*!40101 SET SQL_MODE=@OLD_SQL_MODE */;
/*!40014 SET FOREIGN_KEY_CHECKS=@OLD_FOREIGN_KEY_CHECKS */;
/*!40014 SET UNIQUE_CHECKS=@OLD_UNIQUE_CHECKS */;
/*!40101 SET CHARACTER_SET_CLIENT=@OLD_CHARACTER_SET_CLIENT */;
/*!40101 SET CHARACTER_SET_RESULTS=@OLD_CHARACTER_SET_RESULTS */;
/*!40101 SET COLLATION_CONNECTION=@OLD_COLLATION_CONNECTION */;
/*!40111 SET SQL_NOTES=@OLD_SQL_NOTES */;

-- Dump completed on 2018-12-28 15:59:51
